"Q","U:0","U:1","U:2","UMean:0","UMean:1","UMean:2","p","vtkValidPointMask","arc_length","Points:0","Points:1","Points:2"
-0.67392,8.3251,0.44908,0.13525,8.3333,0.45532,0.14937,16.673,1,0,13.38,12.25,5
-0.67423,8.3249,0.449,0.13671,8.3333,0.4553,0.15077,16.678,1,0.0033751,13.38,12.25,5.0034
-0.67455,8.3248,0.44893,0.13817,8.3332,0.45529,0.15218,16.682,1,0.0067501,13.38,12.25,5.0068
-0.67486,8.3246,0.44885,0.13963,8.3332,0.45527,0.15358,16.686,1,0.010125,13.38,12.25,5.0101
-0.67517,8.3244,0.44878,0.14109,8.3331,0.45525,0.15498,16.691,1,0.0135,13.38,12.25,5.0135
-0.67549,8.3242,0.4487,0.14255,8.3331,0.45523,0.15639,16.695,1,0.016875,13.38,12.25,5.0169
-0.6758,8.3241,0.44862,0.14401,8.3331,0.45522,0.15779,16.699,1,0.02025,13.38,12.25,5.0202
-0.67612,8.3239,0.44855,0.14547,8.333,0.4552,0.1592,16.704,1,0.023625,13.38,12.25,5.0236
-0.67643,8.3237,0.44847,0.14693,8.333,0.45518,0.1606,16.708,1,0.027,13.38,12.25,5.027
-0.67675,8.3236,0.4484,0.14839,8.3329,0.45516,0.162,16.713,1,0.030375,13.38,12.25,5.0304
-0.67706,8.3234,0.44832,0.14985,8.3329,0.45515,0.16341,16.717,1,0.03375,13.38,12.25,5.0338
-0.67738,8.3232,0.44824,0.15131,8.3328,0.45513,0.16481,16.721,1,0.037125,13.38,12.25,5.0371
-0.67769,8.323,0.44817,0.15277,8.3328,0.45511,0.16622,16.726,1,0.0405,13.38,12.25,5.0405
-0.678,8.3229,0.44809,0.15423,8.3327,0.45509,0.16762,16.73,1,0.043875,13.38,12.25,5.0439
-0.67832,8.3227,0.44802,0.15569,8.3327,0.45508,0.16903,16.734,1,0.04725,13.38,12.25,5.0472
-0.67863,8.3225,0.44794,0.15715,8.3327,0.45506,0.17043,16.739,1,0.050625,13.38,12.25,5.0506
-0.67895,8.3224,0.44786,0.15861,8.3326,0.45504,0.17183,16.743,1,0.054,13.38,12.25,5.054
-0.67926,8.3222,0.44779,0.16007,8.3326,0.45503,0.17324,16.747,1,0.057375,13.38,12.25,5.0574
-0.67958,8.322,0.44771,0.16154,8.3325,0.45501,0.17464,16.752,1,0.06075,13.38,12.25,5.0608
-0.67989,8.3219,0.44764,0.163,8.3325,0.45499,0.17605,16.756,1,0.064125,13.38,12.25,5.0641
-0.68019,8.3217,0.44756,0.16445,8.3324,0.45497,0.17744,16.76,1,0.0675,13.38,12.25,5.0675
-0.68044,8.3215,0.44747,0.16589,8.3324,0.45496,0.17883,16.764,1,0.070875,13.38,12.25,5.0709
-0.6807,8.3214,0.44739,0.16732,8.3324,0.45494,0.18021,16.767,1,0.07425,13.38,12.25,5.0743
-0.68095,8.3213,0.4473,0.16876,8.3323,0.45492,0.18159,16.771,1,0.077625,13.38,12.25,5.0776
-0.6812,8.3211,0.44722,0.17019,8.3323,0.45491,0.18298,16.774,1,0.081,13.38,12.25,5.081
-0.68146,8.321,0.44713,0.17163,8.3322,0.45489,0.18436,16.778,1,0.084375,13.38,12.25,5.0844
-0.68183,8.321,0.44708,0.17314,8.3323,0.4549,0.18578,16.783,1,0.08775,13.38,12.25,5.0877
-0.68222,8.321,0.44704,0.17466,8.3324,0.45491,0.1872,16.789,1,0.091125,13.38,12.25,5.0911
-0.68262,8.321,0.44699,0.17618,8.3326,0.45492,0.18862,16.795,1,0.0945,13.38,12.25,5.0945
-0.68301,8.3211,0.44695,0.17771,8.3327,0.45494,0.19005,16.8,1,0.097875,13.38,12.25,5.0979
-0.68341,8.3211,0.44691,0.17923,8.3328,0.45495,0.19147,16.806,1,0.10125,13.38,12.25,5.1013
-0.6838,8.3211,0.44687,0.18075,8.3329,0.45496,0.1929,16.812,1,0.10463,13.38,12.25,5.1046
-0.6842,8.3212,0.44682,0.18228,8.333,0.45498,0.19432,16.818,1,0.108,13.38,12.25,5.108
-0.6846,8.3212,0.44678,0.1838,8.3331,0.45499,0.19575,16.824,1,0.11137,13.38,12.25,5.1114
-0.68499,8.3212,0.44674,0.18532,8.3333,0.455,0.19717,16.83,1,0.11475,13.38,12.25,5.1147
-0.68539,8.3213,0.44669,0.18685,8.3334,0.45501,0.19859,16.835,1,0.11812,13.38,12.25,5.1181
-0.68578,8.3213,0.44665,0.18837,8.3335,0.45503,0.20002,16.841,1,0.1215,13.38,12.25,5.1215
-0.68618,8.3213,0.44661,0.18989,8.3336,0.45504,0.20144,16.847,1,0.12488,13.38,12.25,5.1249
-0.68658,8.3214,0.44656,0.19142,8.3337,0.45505,0.20287,16.853,1,0.12825,13.38,12.25,5.1283
-0.68697,8.3214,0.44652,0.19294,8.3338,0.45506,0.20429,16.859,1,0.13163,13.38,12.25,5.1316
-0.68737,8.3214,0.44648,0.19446,8.3339,0.45508,0.20571,16.865,1,0.135,13.38,12.25,5.135
-0.68776,8.3215,0.44643,0.19599,8.3341,0.45509,0.20714,16.87,1,0.13837,13.38,12.25,5.1384
-0.68816,8.3215,0.44639,0.19751,8.3342,0.4551,0.20856,16.876,1,0.14175,13.38,12.25,5.1417
-0.68855,8.3215,0.44635,0.19903,8.3343,0.45512,0.20999,16.882,1,0.14512,13.38,12.25,5.1451
-0.68895,8.3216,0.44631,0.20055,8.3344,0.45513,0.21141,16.888,1,0.1485,13.38,12.25,5.1485
-0.68935,8.3216,0.44626,0.20208,8.3345,0.45514,0.21284,16.894,1,0.15188,13.38,12.25,5.1519
-0.68974,8.3216,0.44622,0.2036,8.3346,0.45515,0.21426,16.9,1,0.15525,13.38,12.25,5.1553
-0.69014,8.3217,0.44618,0.20512,8.3348,0.45517,0.21568,16.905,1,0.15863,13.38,12.25,5.1586
-0.69053,8.3217,0.44613,0.20665,8.3349,0.45518,0.21711,16.911,1,0.162,13.38,12.25,5.162
-0.69093,8.3217,0.44609,0.20817,8.335,0.45519,0.21853,16.917,1,0.16538,13.38,12.25,5.1654
-0.69133,8.3218,0.44605,0.20969,8.3351,0.4552,0.21996,16.923,1,0.16875,13.38,12.25,5.1687
-0.69172,8.3218,0.446,0.21122,8.3352,0.45522,0.22138,16.929,1,0.17212,13.38,12.25,5.1721
-0.69212,8.3218,0.44596,0.21274,8.3353,0.45523,0.22281,16.935,1,0.1755,13.38,12.25,5.1755
-0.69251,8.3219,0.44592,0.21426,8.3355,0.45524,0.22423,16.94,1,0.17887,13.38,12.25,5.1789
-0.69291,8.3219,0.44587,0.21579,8.3356,0.45526,0.22565,16.946,1,0.18225,13.38,12.25,5.1823
-0.6933,8.3219,0.44583,0.21731,8.3357,0.45527,0.22708,16.952,1,0.18563,13.38,12.25,5.1856
-0.6937,8.322,0.44579,0.21883,8.3358,0.45528,0.2285,16.958,1,0.189,13.38,12.25,5.189
-0.6941,8.322,0.44575,0.22036,8.3359,0.45529,0.22993,16.964,1,0.19238,13.38,12.25,5.1924
-0.69449,8.322,0.4457,0.22188,8.336,0.45531,0.23135,16.97,1,0.19575,13.38,12.25,5.1958
-0.69489,8.3221,0.44566,0.2234,8.3362,0.45532,0.23277,16.975,1,0.19912,13.38,12.25,5.1991
-0.69528,8.3221,0.44562,0.22493,8.3363,0.45533,0.2342,16.981,1,0.2025,13.38,12.25,5.2025
-0.69568,8.3221,0.44557,0.22645,8.3364,0.45534,0.23562,16.987,1,0.20587,13.38,12.25,5.2059
-0.69607,8.3222,0.44553,0.22797,8.3365,0.45536,0.23705,16.993,1,0.20925,13.38,12.25,5.2092
-0.69647,8.3222,0.44549,0.2295,8.3366,0.45537,0.23847,16.999,1,0.21263,13.38,12.25,5.2126
-0.69687,8.3222,0.44544,0.23102,8.3367,0.45538,0.2399,17.005,1,0.216,13.38,12.25,5.216
-0.69726,8.3223,0.4454,0.23254,8.3369,0.45539,0.24132,17.01,1,0.21938,13.38,12.25,5.2194
-0.69766,8.3223,0.44536,0.23407,8.337,0.45541,0.24274,17.016,1,0.22275,13.38,12.25,5.2228
-0.69805,8.3223,0.44532,0.23559,8.3371,0.45542,0.24417,17.022,1,0.22612,13.38,12.25,5.2261
-0.69845,8.3224,0.44527,0.23711,8.3372,0.45543,0.24559,17.028,1,0.2295,13.38,12.25,5.2295
-0.69885,8.3224,0.44523,0.23864,8.3373,0.45545,0.24702,17.034,1,0.23287,13.38,12.25,5.2329
-0.69924,8.3224,0.44519,0.24016,8.3374,0.45546,0.24844,17.039,1,0.23625,13.38,12.25,5.2362
-0.69964,8.3225,0.44514,0.24168,8.3375,0.45547,0.24986,17.045,1,0.23962,13.38,12.25,5.2396
-0.70003,8.3225,0.4451,0.2432,8.3377,0.45548,0.25129,17.051,1,0.243,13.38,12.25,5.243
-0.70043,8.3225,0.44506,0.24473,8.3378,0.4555,0.25271,17.057,1,0.24638,13.38,12.25,5.2464
-0.70082,8.3226,0.44501,0.24625,8.3379,0.45551,0.25414,17.063,1,0.24975,13.38,12.25,5.2498
-0.70122,8.3226,0.44497,0.24777,8.338,0.45552,0.25556,17.069,1,0.25313,13.38,12.25,5.2531
-0.70162,8.3226,0.44493,0.2493,8.3381,0.45553,0.25699,17.074,1,0.2565,13.38,12.25,5.2565
-0.70201,8.3227,0.44488,0.25082,8.3382,0.45555,0.25841,17.08,1,0.25987,13.38,12.25,5.2599
-0.70241,8.3227,0.44484,0.25234,8.3384,0.45556,0.25983,17.086,1,0.26325,13.38,12.25,5.2632
-0.7028,8.3227,0.4448,0.25387,8.3385,0.45557,0.26126,17.092,1,0.26662,13.38,12.25,5.2666
-0.7032,8.3228,0.44476,0.25539,8.3386,0.45559,0.26268,17.098,1,0.27,13.38,12.25,5.27
-0.70359,8.3228,0.44471,0.25691,8.3387,0.4556,0.26411,17.104,1,0.27338,13.38,12.25,5.2734
-0.70399,8.3228,0.44467,0.25844,8.3388,0.45561,0.26553,17.109,1,0.27675,13.38,12.25,5.2768
-0.70439,8.3229,0.44463,0.25996,8.3389,0.45562,0.26696,17.115,1,0.28013,13.38,12.25,5.2801
-0.70478,8.3229,0.44458,0.26148,8.3391,0.45564,0.26838,17.121,1,0.2835,13.38,12.25,5.2835
-0.70518,8.3229,0.44454,0.26301,8.3392,0.45565,0.2698,17.127,1,0.28687,13.38,12.25,5.2869
-0.70557,8.323,0.4445,0.26453,8.3393,0.45566,0.27123,17.133,1,0.29025,13.38,12.25,5.2902
-0.70597,8.323,0.44445,0.26605,8.3394,0.45567,0.27265,17.139,1,0.29362,13.38,12.25,5.2936
-0.70637,8.323,0.44441,0.26758,8.3395,0.45569,0.27408,17.144,1,0.297,13.38,12.25,5.297
-0.70676,8.3231,0.44437,0.2691,8.3396,0.4557,0.2755,17.15,1,0.30037,13.38,12.25,5.3004
-0.70716,8.3231,0.44432,0.27062,8.3398,0.45571,0.27692,17.156,1,0.30375,13.38,12.25,5.3038
-0.70755,8.3231,0.44428,0.27215,8.3399,0.45573,0.27835,17.162,1,0.30713,13.38,12.25,5.3071
-0.70795,8.3232,0.44424,0.27367,8.34,0.45574,0.27977,17.168,1,0.3105,13.38,12.25,5.3105
-0.70834,8.3232,0.4442,0.27519,8.3401,0.45575,0.2812,17.174,1,0.31388,13.38,12.25,5.3139
-0.70871,8.3232,0.44415,0.27669,8.3402,0.45577,0.2826,17.178,1,0.31725,13.38,12.25,5.3172
-0.70908,8.3233,0.44411,0.27819,8.3403,0.45578,0.28401,17.183,1,0.32062,13.38,12.25,5.3206
-0.70945,8.3233,0.44406,0.27969,8.3404,0.4558,0.28542,17.188,1,0.324,13.38,12.25,5.324
-0.70981,8.3233,0.44402,0.28119,8.3405,0.45582,0.28682,17.193,1,0.32737,13.38,12.25,5.3274
-0.71018,8.3234,0.44398,0.28269,8.3406,0.45583,0.28823,17.198,1,0.33075,13.38,12.25,5.3307
-0.71056,8.3235,0.44395,0.28423,8.3408,0.45586,0.28965,17.203,1,0.33413,13.38,12.25,5.3341
-0.71095,8.3238,0.44393,0.2858,8.3411,0.45589,0.29111,17.209,1,0.3375,13.38,12.25,5.3375
-0.71133,8.3241,0.44391,0.28737,8.3414,0.45592,0.29256,17.215,1,0.34088,13.38,12.25,5.3409
-0.71172,8.3244,0.44389,0.28895,8.3417,0.45596,0.29401,17.22,1,0.34425,13.38,12.25,5.3443
-0.71211,8.3246,0.44388,0.29052,8.342,0.45599,0.29546,17.226,1,0.34762,13.38,12.25,5.3476
-0.7125,8.3249,0.44386,0.29209,8.3423,0.45602,0.29692,17.232,1,0.351,13.38,12.25,5.351
-0.71289,8.3252,0.44384,0.29367,8.3426,0.45605,0.29837,17.237,1,0.35437,13.38,12.25,5.3544
-0.71328,8.3255,0.44382,0.29524,8.3428,0.45609,0.29982,17.243,1,0.35775,13.38,12.25,5.3577
-0.71367,8.3257,0.44381,0.29681,8.3431,0.45612,0.30127,17.249,1,0.36112,13.38,12.25,5.3611
-0.71406,8.326,0.44379,0.29839,8.3434,0.45615,0.30273,17.255,1,0.3645,13.38,12.25,5.3645
-0.71445,8.3263,0.44377,0.29996,8.3437,0.45618,0.30418,17.26,1,0.36788,13.38,12.25,5.3679
-0.71483,8.3266,0.44375,0.30153,8.344,0.45622,0.30563,17.266,1,0.37125,13.38,12.25,5.3713
-0.71522,8.3268,0.44374,0.30311,8.3443,0.45625,0.30708,17.272,1,0.37463,13.38,12.25,5.3746
-0.71561,8.3271,0.44372,0.30468,8.3446,0.45628,0.30853,17.277,1,0.378,13.38,12.25,5.378
-0.716,8.3274,0.4437,0.30625,8.3449,0.45631,0.30999,17.283,1,0.38137,13.38,12.25,5.3814
-0.71639,8.3277,0.44368,0.30783,8.3452,0.45635,0.31144,17.289,1,0.38475,13.38,12.25,5.3847
-0.71678,8.3279,0.44366,0.3094,8.3455,0.45638,0.31289,17.295,1,0.38812,13.38,12.25,5.3881
-0.71717,8.3282,0.44365,0.31097,8.3458,0.45641,0.31434,17.3,1,0.3915,13.38,12.25,5.3915
-0.71756,8.3285,0.44363,0.31255,8.3461,0.45644,0.3158,17.306,1,0.39488,13.38,12.25,5.3949
-0.71795,8.3288,0.44361,0.31412,8.3464,0.45648,0.31725,17.312,1,0.39825,13.38,12.25,5.3983
-0.71833,8.329,0.44359,0.31569,8.3467,0.45651,0.3187,17.318,1,0.40163,13.38,12.25,5.4016
-0.71872,8.3293,0.44358,0.31727,8.347,0.45654,0.32015,17.323,1,0.405,13.38,12.25,5.405
-0.71911,8.3296,0.44356,0.31884,8.3472,0.45657,0.3216,17.329,1,0.40837,13.38,12.25,5.4084
-0.7195,8.3299,0.44354,0.32041,8.3475,0.45661,0.32306,17.335,1,0.41175,13.38,12.25,5.4117
-0.71989,8.3301,0.44352,0.32199,8.3478,0.45664,0.32451,17.34,1,0.41512,13.38,12.25,5.4151
-0.72028,8.3304,0.44351,0.32356,8.3481,0.45667,0.32596,17.346,1,0.4185,13.38,12.25,5.4185
-0.72067,8.3307,0.44349,0.32513,8.3484,0.4567,0.32741,17.352,1,0.42188,13.38,12.25,5.4219
-0.72106,8.331,0.44347,0.3267,8.3487,0.45674,0.32887,17.358,1,0.42525,13.38,12.25,5.4253
-0.72145,8.3312,0.44345,0.32828,8.349,0.45677,0.33032,17.363,1,0.42863,13.38,12.25,5.4286
-0.72183,8.3315,0.44344,0.32985,8.3493,0.4568,0.33177,17.369,1,0.432,13.38,12.25,5.432
-0.72222,8.3318,0.44342,0.33142,8.3496,0.45683,0.33322,17.375,1,0.43538,13.38,12.25,5.4354
-0.72261,8.3321,0.4434,0.333,8.3499,0.45687,0.33468,17.38,1,0.43875,13.38,12.25,5.4387
-0.723,8.3323,0.44338,0.33457,8.3502,0.4569,0.33613,17.386,1,0.44212,13.38,12.25,5.4421
-0.72339,8.3326,0.44337,0.33614,8.3505,0.45693,0.33758,17.392,1,0.4455,13.38,12.25,5.4455
-0.72378,8.3329,0.44335,0.33772,8.3508,0.45696,0.33903,17.398,1,0.44887,13.38,12.25,5.4489
-0.72417,8.3331,0.44333,0.33929,8.3511,0.457,0.34048,17.403,1,0.45225,13.38,12.25,5.4523
-0.72456,8.3334,0.44331,0.34086,8.3514,0.45703,0.34194,17.409,1,0.45563,13.38,12.25,5.4556
-0.72494,8.3337,0.4433,0.34244,8.3517,0.45706,0.34339,17.415,1,0.459,13.38,12.25,5.459
-0.72533,8.334,0.44328,0.34401,8.3519,0.4571,0.34484,17.42,1,0.46238,13.38,12.25,5.4624
-0.72572,8.3342,0.44326,0.34558,8.3522,0.45713,0.34629,17.426,1,0.46575,13.38,12.25,5.4658
-0.72611,8.3345,0.44324,0.34716,8.3525,0.45716,0.34775,17.432,1,0.46912,13.38,12.25,5.4691
-0.7265,8.3348,0.44323,0.34873,8.3528,0.45719,0.3492,17.438,1,0.4725,13.38,12.25,5.4725
-0.72689,8.3351,0.44321,0.3503,8.3531,0.45723,0.35065,17.443,1,0.47587,13.38,12.25,5.4759
-0.72728,8.3353,0.44319,0.35188,8.3534,0.45726,0.3521,17.449,1,0.47925,13.38,12.25,5.4792
-0.72767,8.3356,0.44317,0.35345,8.3537,0.45729,0.35356,17.455,1,0.48263,13.38,12.25,5.4826
-0.72806,8.3359,0.44316,0.35502,8.354,0.45732,0.35501,17.46,1,0.486,13.38,12.25,5.486
-0.72844,8.3362,0.44314,0.3566,8.3543,0.45736,0.35646,17.466,1,0.48938,13.38,12.25,5.4894
-0.72883,8.3364,0.44312,0.35817,8.3546,0.45739,0.35791,17.472,1,0.49275,13.38,12.25,5.4928
-0.72922,8.3367,0.4431,0.35974,8.3549,0.45742,0.35936,17.478,1,0.49613,13.38,12.25,5.4961
-0.72961,8.337,0.44309,0.36132,8.3552,0.45745,0.36082,17.483,1,0.4995,13.38,12.25,5.4995
-0.73,8.3373,0.44307,0.36289,8.3555,0.45749,0.36227,17.489,1,0.50287,13.38,12.25,5.5029
-0.73039,8.3375,0.44305,0.36446,8.3558,0.45752,0.36372,17.495,1,0.50625,13.38,12.25,5.5062
-0.73078,8.3378,0.44303,0.36604,8.3561,0.45755,0.36517,17.501,1,0.50962,13.38,12.25,5.5096
-0.73117,8.3381,0.44302,0.36761,8.3563,0.45758,0.36663,17.506,1,0.513,13.38,12.25,5.513
-0.73156,8.3384,0.443,0.36918,8.3566,0.45762,0.36808,17.512,1,0.51638,13.38,12.25,5.5164
-0.73194,8.3386,0.44298,0.37075,8.3569,0.45765,0.36953,17.518,1,0.51975,13.38,12.25,5.5198
-0.73233,8.3389,0.44296,0.37233,8.3572,0.45768,0.37098,17.523,1,0.52313,13.38,12.25,5.5231
-0.73272,8.3392,0.44295,0.3739,8.3575,0.45771,0.37244,17.529,1,0.5265,13.38,12.25,5.5265
-0.73311,8.3395,0.44293,0.37547,8.3578,0.45775,0.37389,17.535,1,0.52987,13.38,12.25,5.5299
-0.7335,8.3397,0.44291,0.37705,8.3581,0.45778,0.37534,17.541,1,0.53325,13.38,12.25,5.5332
-0.73389,8.34,0.44289,0.37862,8.3584,0.45781,0.37679,17.546,1,0.53662,13.38,12.25,5.5366
-0.73428,8.3403,0.44288,0.38019,8.3587,0.45784,0.37824,17.552,1,0.54,13.38,12.25,5.54
-0.73467,8.3406,0.44286,0.38177,8.359,0.45788,0.3797,17.558,1,0.54338,13.38,12.25,5.5434
-0.73505,8.3408,0.44284,0.38334,8.3593,0.45791,0.38115,17.563,1,0.54675,13.38,12.25,5.5468
-0.73544,8.3411,0.44282,0.38491,8.3596,0.45794,0.3826,17.569,1,0.55013,13.38,12.25,5.5501
-0.73583,8.3414,0.44281,0.38649,8.3599,0.45797,0.38405,17.575,1,0.5535,13.38,12.25,5.5535
-0.73622,8.3417,0.44279,0.38806,8.3602,0.45801,0.38551,17.581,1,0.55688,13.38,12.25,5.5569
-0.73661,8.3419,0.44277,0.38963,8.3605,0.45804,0.38696,17.586,1,0.56025,13.38,12.25,5.5602
-0.737,8.3422,0.44276,0.3912,8.3607,0.45808,0.3884,17.591,1,0.56362,13.38,12.25,5.5636
-0.73738,8.3425,0.44275,0.39275,8.361,0.45812,0.38985,17.596,1,0.567,13.38,12.25,5.567
-0.73776,8.3427,0.44274,0.39431,8.3612,0.45816,0.39129,17.6,1,0.57037,13.38,12.25,5.5704
-0.73815,8.343,0.44273,0.39586,8.3615,0.4582,0.39273,17.605,1,0.57375,13.38,12.25,5.5738
-0.73853,8.3433,0.44272,0.39742,8.3618,0.45824,0.39417,17.609,1,0.57713,13.38,12.25,5.5771
-0.7389,8.3436,0.44272,0.39898,8.3621,0.45827,0.39562,17.614,1,0.5805,13.38,12.25,5.5805
-0.7392,8.3441,0.44271,0.40057,8.3626,0.45831,0.3971,17.617,1,0.58388,13.38,12.25,5.5839
-0.73949,8.3447,0.44271,0.40217,8.3631,0.45835,0.39859,17.62,1,0.58725,13.38,12.25,5.5873
-0.73979,8.3452,0.4427,0.40376,8.3636,0.45838,0.40007,17.624,1,0.59062,13.38,12.25,5.5906
-0.74008,8.3458,0.4427,0.40536,8.3641,0.45842,0.40155,17.627,1,0.594,13.38,12.25,5.594
-0.74037,8.3464,0.4427,0.40695,8.3646,0.45845,0.40303,17.631,1,0.59737,13.38,12.25,5.5974
-0.74067,8.3469,0.44269,0.40854,8.3651,0.45849,0.40451,17.634,1,0.60075,13.38,12.25,5.6007
-0.74096,8.3475,0.44269,0.41014,8.3656,0.45852,0.40599,17.637,1,0.60413,13.38,12.25,5.6041
-0.74125,8.348,0.44269,0.41173,8.3661,0.45856,0.40747,17.641,1,0.6075,13.38,12.25,5.6075
-0.74155,8.3486,0.44268,0.41333,8.3666,0.45859,0.40895,17.644,1,0.61088,13.38,12.25,5.6109
-0.74184,8.3492,0.44268,0.41492,8.3671,0.45863,0.41044,17.648,1,0.61425,13.38,12.25,5.6143
-0.74214,8.3497,0.44267,0.41651,8.3677,0.45866,0.41192,17.651,1,0.61763,13.38,12.25,5.6176
-0.74243,8.3503,0.44267,0.41811,8.3682,0.4587,0.4134,17.654,1,0.621,13.38,12.25,5.621
-0.74272,8.3508,0.44267,0.4197,8.3687,0.45873,0.41488,17.658,1,0.62437,13.38,12.25,5.6244
-0.74302,8.3514,0.44266,0.4213,8.3692,0.45877,0.41636,17.661,1,0.62775,13.38,12.25,5.6277
-0.74331,8.352,0.44266,0.42289,8.3697,0.45881,0.41784,17.664,1,0.63112,13.38,12.25,5.6311
-0.7436,8.3525,0.44266,0.42448,8.3702,0.45884,0.41932,17.668,1,0.6345,13.38,12.25,5.6345
-0.7439,8.3531,0.44265,0.42608,8.3707,0.45888,0.4208,17.671,1,0.63788,13.38,12.25,5.6379
-0.74419,8.3536,0.44265,0.42767,8.3712,0.45891,0.42229,17.675,1,0.64125,13.38,12.25,5.6413
-0.74449,8.3542,0.44265,0.42927,8.3717,0.45895,0.42377,17.678,1,0.64463,13.38,12.25,5.6446
-0.74478,8.3548,0.44264,0.43086,8.3722,0.45898,0.42525,17.681,1,0.648,13.38,12.25,5.648
-0.74507,8.3553,0.44264,0.43245,8.3727,0.45902,0.42673,17.685,1,0.65137,13.38,12.25,5.6514
-0.74537,8.3559,0.44263,0.43405,8.3732,0.45905,0.42821,17.688,1,0.65475,13.38,12.25,5.6547
-0.74566,8.3564,0.44263,0.43564,8.3738,0.45909,0.42969,17.692,1,0.65812,13.38,12.25,5.6581
-0.74595,8.357,0.44263,0.43724,8.3743,0.45912,0.43117,17.695,1,0.6615,13.38,12.25,5.6615
-0.74625,8.3576,0.44262,0.43883,8.3748,0.45916,0.43266,17.698,1,0.66488,13.38,12.25,5.6649
-0.74654,8.3581,0.44262,0.44042,8.3753,0.45919,0.43414,17.702,1,0.66825,13.38,12.25,5.6683
-0.74684,8.3587,0.44262,0.44202,8.3758,0.45923,0.43562,17.705,1,0.67163,13.38,12.25,5.6716
-0.74713,8.3592,0.44261,0.44361,8.3763,0.45926,0.4371,17.708,1,0.675,13.38,12.25,5.675
-0.74742,8.3598,0.44261,0.44521,8.3768,0.4593,0.43858,17.712,1,0.67837,13.38,12.25,5.6784
-0.74772,8.3604,0.4426,0.4468,8.3773,0.45934,0.44006,17.715,1,0.68175,13.38,12.25,5.6817
-0.74801,8.3609,0.4426,0.44839,8.3778,0.45937,0.44154,17.719,1,0.68512,13.38,12.25,5.6851
-0.7483,8.3615,0.4426,0.44999,8.3783,0.45941,0.44302,17.722,1,0.6885,13.38,12.25,5.6885
-0.7486,8.362,0.44259,0.45158,8.3788,0.45944,0.44451,17.725,1,0.69187,13.38,12.25,5.6919
-0.74889,8.3626,0.44259,0.45318,8.3793,0.45948,0.44599,17.729,1,0.69525,13.38,12.25,5.6953
-0.74919,8.3632,0.44259,0.45477,8.3799,0.45951,0.44747,17.732,1,0.69863,13.38,12.25,5.6986
-0.74948,8.3637,0.44258,0.45636,8.3804,0.45955,0.44895,17.736,1,0.702,13.38,12.25,5.702
-0.74977,8.3643,0.44258,0.45796,8.3809,0.45958,0.45043,17.739,1,0.70538,13.38,12.25,5.7054
-0.75007,8.3648,0.44257,0.45955,8.3814,0.45962,0.45191,17.742,1,0.70875,13.38,12.25,5.7087
-0.75036,8.3654,0.44257,0.46115,8.3819,0.45965,0.45339,17.746,1,0.71212,13.38,12.25,5.7121
-0.75065,8.366,0.44257,0.46274,8.3824,0.45969,0.45487,17.749,1,0.7155,13.38,12.25,5.7155
-0.75095,8.3665,0.44256,0.46433,8.3829,0.45972,0.45636,17.753,1,0.71887,13.38,12.25,5.7189
-0.75124,8.3671,0.44256,0.46593,8.3834,0.45976,0.45784,17.756,1,0.72225,13.38,12.25,5.7222
-0.75154,8.3676,0.44256,0.46752,8.3839,0.4598,0.45932,17.759,1,0.72563,13.38,12.25,5.7256
-0.75183,8.3682,0.44255,0.46912,8.3844,0.45983,0.4608,17.763,1,0.729,13.38,12.25,5.729
-0.75212,8.3688,0.44255,0.47071,8.3849,0.45987,0.46228,17.766,1,0.73238,13.38,12.25,5.7324
-0.75242,8.3693,0.44254,0.4723,8.3854,0.4599,0.46376,17.769,1,0.73575,13.38,12.25,5.7358
-0.75271,8.3699,0.44254,0.4739,8.386,0.45994,0.46524,17.773,1,0.73912,13.38,12.25,5.7391
-0.753,8.3704,0.44254,0.47549,8.3865,0.45997,0.46672,17.776,1,0.7425,13.38,12.25,5.7425
-0.7533,8.371,0.44253,0.47709,8.387,0.46001,0.46821,17.78,1,0.74587,13.38,12.25,5.7459
-0.75359,8.3716,0.44253,0.47868,8.3875,0.46004,0.46969,17.783,1,0.74925,13.38,12.25,5.7492
-0.75389,8.3721,0.44253,0.48027,8.388,0.46008,0.47117,17.786,1,0.75262,13.38,12.25,5.7526
-0.75418,8.3727,0.44252,0.48187,8.3885,0.46011,0.47265,17.79,1,0.756,13.38,12.25,5.756
-0.75447,8.3732,0.44252,0.48346,8.389,0.46015,0.47413,17.793,1,0.75938,13.38,12.25,5.7594
-0.75477,8.3738,0.44252,0.48506,8.3895,0.46018,0.47561,17.797,1,0.76275,13.38,12.25,5.7628
-0.75506,8.3744,0.44251,0.48665,8.39,0.46022,0.47709,17.8,1,0.76613,13.38,12.25,5.7661
-0.75535,8.3749,0.44251,0.48824,8.3905,0.46026,0.47858,17.803,1,0.7695,13.38,12.25,5.7695
-0.75565,8.3755,0.4425,0.48984,8.391,0.46029,0.48006,17.807,1,0.77287,13.38,12.25,5.7729
-0.75594,8.376,0.4425,0.49143,8.3915,0.46033,0.48154,17.81,1,0.77625,13.38,12.25,5.7762
-0.75624,8.3766,0.4425,0.49303,8.392,0.46036,0.48302,17.813,1,0.77962,13.38,12.25,5.7796
-0.75653,8.3772,0.44249,0.49462,8.3926,0.4604,0.4845,17.817,1,0.783,13.38,12.25,5.783
-0.75682,8.3777,0.44249,0.49621,8.3931,0.46043,0.48598,17.82,1,0.78638,13.38,12.25,5.7864
-0.75712,8.3783,0.44249,0.49781,8.3936,0.46047,0.48746,17.824,1,0.78975,13.38,12.25,5.7898
-0.75741,8.3788,0.44248,0.4994,8.3941,0.4605,0.48894,17.827,1,0.79313,13.38,12.25,5.7931
-0.7577,8.3794,0.44248,0.501,8.3946,0.46054,0.49043,17.83,1,0.7965,13.38,12.25,5.7965
-0.758,8.38,0.44247,0.50259,8.3951,0.46057,0.49191,17.834,1,0.79987,13.38,12.25,5.7999
-0.75829,8.3805,0.44247,0.50418,8.3956,0.46061,0.49339,17.837,1,0.80325,13.38,12.25,5.8032
-0.75859,8.3811,0.44247,0.50578,8.3961,0.46064,0.49487,17.841,1,0.80662,13.38,12.25,5.8066
-0.75889,8.3816,0.44247,0.50737,8.3966,0.46068,0.49635,17.844,1,0.81,13.38,12.25,5.81
-0.75922,8.3822,0.44248,0.50896,8.3971,0.46073,0.49784,17.846,1,0.81337,13.38,12.25,5.8134
-0.75955,8.3827,0.4425,0.51054,8.3975,0.46078,0.49932,17.848,1,0.81675,13.38,12.25,5.8168
-0.75988,8.3832,0.44252,0.51213,8.398,0.46083,0.50081,17.849,1,0.82013,13.38,12.25,5.8201
-0.76021,8.3837,0.44253,0.51371,8.3985,0.46088,0.50229,17.851,1,0.8235,13.38,12.25,5.8235
-0.76054,8.3843,0.44255,0.5153,8.3989,0.46092,0.50378,17.853,1,0.82688,13.38,12.25,5.8269
-0.7607,8.3851,0.44255,0.51686,8.3996,0.46094,0.50526,17.853,1,0.83025,13.38,12.25,5.8302
-0.76083,8.386,0.44254,0.51842,8.4004,0.46096,0.50675,17.851,1,0.83362,13.38,12.25,5.8336
-0.76095,8.3868,0.44253,0.51999,8.4012,0.46097,0.50823,17.85,1,0.837,13.38,12.25,5.837
-0.76107,8.3877,0.44252,0.52155,8.4019,0.46099,0.50972,17.849,1,0.84037,13.38,12.25,5.8404
-0.76119,8.3886,0.44252,0.52311,8.4027,0.461,0.5112,17.848,1,0.84375,13.38,12.25,5.8438
-0.76132,8.3895,0.44251,0.52467,8.4035,0.46102,0.51269,17.846,1,0.84713,13.38,12.25,5.8471
-0.76144,8.3903,0.4425,0.52623,8.4042,0.46103,0.51418,17.845,1,0.8505,13.38,12.25,5.8505
-0.76156,8.3912,0.44249,0.52779,8.405,0.46105,0.51566,17.844,1,0.85388,13.38,12.25,5.8539
-0.76168,8.3921,0.44249,0.52935,8.4058,0.46106,0.51715,17.842,1,0.85725,13.38,12.25,5.8573
-0.76181,8.393,0.44248,0.53091,8.4065,0.46108,0.51863,17.841,1,0.86062,13.38,12.25,5.8606
-0.76193,8.3938,0.44247,0.53247,8.4073,0.46109,0.52012,17.84,1,0.864,13.38,12.25,5.864
-0.76205,8.3947,0.44247,0.53403,8.4081,0.46111,0.52161,17.839,1,0.86737,13.38,12.25,5.8674
-0.76217,8.3956,0.44246,0.53559,8.4088,0.46112,0.52309,17.837,1,0.87075,13.38,12.25,5.8707
-0.7623,8.3965,0.44245,0.53715,8.4096,0.46113,0.52458,17.836,1,0.87413,13.38,12.25,5.8741
-0.76242,8.3973,0.44244,0.53872,8.4104,0.46115,0.52606,17.835,1,0.8775,13.38,12.25,5.8775
-0.76254,8.3982,0.44244,0.54028,8.4111,0.46116,0.52755,17.833,1,0.88088,13.38,12.25,5.8809
-0.76267,8.3991,0.44243,0.54184,8.4119,0.46118,0.52904,17.832,1,0.88425,13.38,12.25,5.8843
-0.76279,8.4,0.44242,0.5434,8.4127,0.46119,0.53052,17.831,1,0.88763,13.38,12.25,5.8876
-0.76291,8.4008,0.44242,0.54496,8.4134,0.46121,0.53201,17.83,1,0.891,13.38,12.25,5.891
-0.76303,8.4017,0.44241,0.54652,8.4142,0.46122,0.53349,17.828,1,0.89437,13.38,12.25,5.8944
-0.76316,8.4026,0.4424,0.54808,8.415,0.46124,0.53498,17.827,1,0.89775,13.38,12.25,5.8977
-0.76328,8.4035,0.44239,0.54964,8.4157,0.46125,0.53646,17.826,1,0.90112,13.38,12.25,5.9011
-0.7634,8.4043,0.44239,0.5512,8.4165,0.46127,0.53795,17.824,1,0.9045,13.38,12.25,5.9045
-0.76352,8.4052,0.44238,0.55276,8.4173,0.46128,0.53944,17.823,1,0.90788,13.38,12.25,5.9079
-0.76365,8.4061,0.44237,0.55432,8.418,0.4613,0.54092,17.822,1,0.91125,13.38,12.25,5.9113
-0.76377,8.4069,0.44236,0.55588,8.4188,0.46131,0.54241,17.821,1,0.91463,13.38,12.25,5.9146
-0.76389,8.4078,0.44236,0.55744,8.4196,0.46133,0.54389,17.819,1,0.918,13.38,12.25,5.918
-0.76401,8.4087,0.44235,0.55901,8.4203,0.46134,0.54538,17.818,1,0.92137,13.38,12.25,5.9214
-0.76414,8.4096,0.44234,0.56057,8.4211,0.46135,0.54687,17.817,1,0.92475,13.38,12.25,5.9247
-0.76426,8.4104,0.44234,0.56213,8.4219,0.46137,0.54835,17.816,1,0.92812,13.38,12.25,5.9281
-0.76438,8.4113,0.44233,0.56369,8.4226,0.46138,0.54984,17.814,1,0.9315,13.38,12.25,5.9315
-0.76451,8.4122,0.44232,0.56525,8.4234,0.4614,0.55132,17.813,1,0.93488,13.38,12.25,5.9349
-0.76463,8.4131,0.44231,0.56681,8.4242,0.46141,0.55281,17.812,1,0.93825,13.38,12.25,5.9383
-0.76475,8.4139,0.44231,0.56837,8.4249,0.46143,0.5543,17.81,1,0.94163,13.38,12.25,5.9416
-0.76487,8.4148,0.4423,0.56993,8.4257,0.46144,0.55578,17.809,1,0.945,13.38,12.25,5.945
-0.765,8.4157,0.44229,0.57149,8.4265,0.46146,0.55727,17.808,1,0.94838,13.38,12.25,5.9484
-0.76512,8.4166,0.44229,0.57305,8.4272,0.46147,0.55875,17.807,1,0.95175,13.38,12.25,5.9517
-0.76524,8.4174,0.44228,0.57461,8.428,0.46149,0.56024,17.805,1,0.95512,13.38,12.25,5.9551
-0.76536,8.4183,0.44227,0.57617,8.4288,0.4615,0.56172,17.804,1,0.9585,13.38,12.25,5.9585
-0.76549,8.4192,0.44226,0.57773,8.4295,0.46152,0.56321,17.803,1,0.96187,13.38,12.25,5.9619
-0.76561,8.4201,0.44226,0.5793,8.4303,0.46153,0.5647,17.801,1,0.96525,13.38,12.25,5.9653
-0.76573,8.4209,0.44225,0.58086,8.4311,0.46155,0.56618,17.8,1,0.96863,13.38,12.25,5.9686
-0.76585,8.4218,0.44224,0.58242,8.4318,0.46156,0.56767,17.799,1,0.972,13.38,12.25,5.972
-0.76598,8.4227,0.44223,0.58398,8.4326,0.46157,0.56915,17.798,1,0.97538,13.38,12.25,5.9754
-0.7661,8.4236,0.44223,0.58554,8.4334,0.46159,0.57064,17.796,1,0.97875,13.38,12.25,5.9788
-0.76622,8.4244,0.44222,0.5871,8.4341,0.4616,0.57213,17.795,1,0.98212,13.38,12.25,5.9821
-0.76635,8.4253,0.44221,0.58866,8.4349,0.46162,0.57361,17.794,1,0.9855,13.38,12.25,5.9855
-0.76647,8.4262,0.44221,0.59022,8.4357,0.46163,0.5751,17.792,1,0.98887,13.38,12.25,5.9889
-0.76659,8.4271,0.4422,0.59178,8.4364,0.46165,0.57658,17.791,1,0.99225,13.38,12.25,5.9922
-0.76671,8.4279,0.44219,0.59334,8.4372,0.46166,0.57807,17.79,1,0.99563,13.38,12.25,5.9956
-0.76684,8.4288,0.44218,0.5949,8.438,0.46168,0.57956,17.789,1,0.999,13.38,12.25,5.999
-0.76696,8.4297,0.44218,0.59646,8.4387,0.46169,0.58104,17.787,1,1.0024,13.38,12.25,6.0024
-0.76708,8.4306,0.44217,0.59802,8.4395,0.46171,0.58253,17.786,1,1.0058,13.38,12.25,6.0058
-0.7672,8.4314,0.44216,0.59959,8.4403,0.46172,0.58401,17.785,1,1.0091,13.38,12.25,6.0091
-0.76733,8.4323,0.44216,0.60115,8.441,0.46174,0.5855,17.783,1,1.0125,13.38,12.25,6.0125
-0.76745,8.4332,0.44215,0.60271,8.4418,0.46175,0.58699,17.782,1,1.0159,13.38,12.25,6.0159
-0.76757,8.4341,0.44214,0.60427,8.4426,0.46177,0.58847,17.781,1,1.0192,13.38,12.25,6.0192
-0.76769,8.4349,0.44213,0.60583,8.4433,0.46178,0.58996,17.78,1,1.0226,13.38,12.25,6.0226
-0.76782,8.4358,0.44213,0.60739,8.4441,0.46179,0.59144,17.778,1,1.026,13.38,12.25,6.026
-0.76794,8.4367,0.44212,0.60895,8.4449,0.46181,0.59293,17.777,1,1.0294,13.38,12.25,6.0294
-0.76806,8.4376,0.44211,0.61051,8.4456,0.46182,0.59442,17.776,1,1.0328,13.38,12.25,6.0328
-0.76819,8.4384,0.4421,0.61207,8.4464,0.46184,0.5959,17.774,1,1.0361,13.38,12.25,6.0361
-0.76831,8.4393,0.4421,0.61363,8.4472,0.46185,0.59739,17.773,1,1.0395,13.38,12.25,6.0395
-0.76843,8.4402,0.44209,0.61519,8.4479,0.46187,0.59887,17.772,1,1.0429,13.38,12.25,6.0429
-0.76855,8.4411,0.44208,0.61675,8.4487,0.46188,0.60036,17.771,1,1.0462,13.38,12.25,6.0462
-0.76868,8.4419,0.44208,0.61831,8.4495,0.4619,0.60184,17.769,1,1.0496,13.38,12.25,6.0496
-0.7688,8.4428,0.44207,0.61988,8.4502,0.46191,0.60333,17.768,1,1.053,13.38,12.25,6.053
-0.76892,8.4437,0.44206,0.62144,8.451,0.46193,0.60482,17.767,1,1.0564,13.38,12.25,6.0564
-0.76913,8.4445,0.44208,0.623,8.4517,0.46196,0.60632,17.764,1,1.0598,13.38,12.25,6.0598
-0.76934,8.4454,0.44211,0.62457,8.4524,0.462,0.60783,17.761,1,1.0631,13.38,12.25,6.0631
-0.76956,8.4462,0.44213,0.62614,8.4531,0.46203,0.60933,17.759,1,1.0665,13.38,12.25,6.0665
-0.76977,8.447,0.44215,0.6277,8.4538,0.46207,0.61084,17.756,1,1.0699,13.38,12.25,6.0699
-0.76999,8.4478,0.44218,0.62927,8.4546,0.4621,0.61234,17.753,1,1.0732,13.38,12.25,6.0732
-0.77005,8.4488,0.44217,0.63078,8.4554,0.4621,0.61382,17.748,1,1.0766,13.38,12.25,6.0766
-0.76994,8.45,0.44214,0.63224,8.4565,0.46207,0.61526,17.74,1,1.08,13.38,12.25,6.08
-0.76984,8.4512,0.4421,0.6337,8.4576,0.46204,0.6167,17.733,1,1.0834,13.38,12.25,6.0834
-0.76974,8.4524,0.44207,0.63515,8.4586,0.462,0.61814,17.725,1,1.0868,13.38,12.25,6.0868
-0.76963,8.4536,0.44203,0.63661,8.4597,0.46197,0.61957,17.717,1,1.0901,13.38,12.25,6.0901
-0.76953,8.4548,0.442,0.63807,8.4608,0.46194,0.62101,17.71,1,1.0935,13.38,12.25,6.0935
-0.76943,8.456,0.44197,0.63952,8.4618,0.4619,0.62245,17.702,1,1.0969,13.38,12.25,6.0969
-0.76932,8.4572,0.44193,0.64098,8.4629,0.46187,0.62389,17.694,1,1.1002,13.38,12.25,6.1002
-0.76922,8.4584,0.4419,0.64244,8.464,0.46183,0.62533,17.687,1,1.1036,13.38,12.25,6.1036
-0.76912,8.4596,0.44186,0.64389,8.465,0.4618,0.62677,17.679,1,1.107,13.38,12.25,6.107
-0.76901,8.4608,0.44183,0.64535,8.4661,0.46177,0.62821,17.671,1,1.1104,13.38,12.25,6.1104
-0.76891,8.462,0.44179,0.64681,8.4671,0.46173,0.62965,17.664,1,1.1137,13.38,12.25,6.1137
-0.7688,8.4632,0.44176,0.64827,8.4682,0.4617,0.63109,17.656,1,1.1171,13.38,12.25,6.1171
-0.7687,8.4644,0.44172,0.64972,8.4693,0.46167,0.63253,17.648,1,1.1205,13.38,12.25,6.1205
-0.7686,8.4656,0.44169,0.65118,8.4703,0.46163,0.63397,17.641,1,1.1239,13.38,12.25,6.1239
-0.76849,8.4668,0.44165,0.65264,8.4714,0.4616,0.63541,17.633,1,1.1273,13.38,12.25,6.1273
-0.76839,8.468,0.44162,0.65409,8.4725,0.46157,0.63685,17.625,1,1.1306,13.38,12.25,6.1306
-0.76829,8.4692,0.44159,0.65555,8.4735,0.46153,0.63829,17.618,1,1.134,13.38,12.25,6.134
-0.76818,8.4704,0.44155,0.65701,8.4746,0.4615,0.63972,17.61,1,1.1374,13.38,12.25,6.1374
-0.76808,8.4716,0.44152,0.65846,8.4757,0.46147,0.64116,17.602,1,1.1407,13.38,12.25,6.1407
-0.76798,8.4728,0.44148,0.65992,8.4767,0.46143,0.6426,17.595,1,1.1441,13.38,12.25,6.1441
-0.76787,8.474,0.44145,0.66138,8.4778,0.4614,0.64404,17.587,1,1.1475,13.38,12.25,6.1475
-0.76777,8.4752,0.44141,0.66283,8.4789,0.46137,0.64548,17.579,1,1.1509,13.38,12.25,6.1509
-0.76767,8.4764,0.44138,0.66429,8.4799,0.46133,0.64692,17.572,1,1.1543,13.38,12.25,6.1543
-0.76756,8.4776,0.44134,0.66575,8.481,0.4613,0.64836,17.564,1,1.1576,13.38,12.25,6.1576
-0.76746,8.4788,0.44131,0.6672,8.4821,0.46126,0.6498,17.557,1,1.161,13.38,12.25,6.161
-0.76735,8.48,0.44127,0.66866,8.4831,0.46123,0.65124,17.549,1,1.1644,13.38,12.25,6.1644
-0.76725,8.4812,0.44124,0.67012,8.4842,0.4612,0.65268,17.541,1,1.1677,13.38,12.25,6.1677
-0.76715,8.4824,0.4412,0.67158,8.4852,0.46116,0.65412,17.534,1,1.1711,13.38,12.25,6.1711
-0.76704,8.4836,0.44117,0.67303,8.4863,0.46113,0.65556,17.526,1,1.1745,13.38,12.25,6.1745
-0.76694,8.4848,0.44114,0.67449,8.4874,0.4611,0.657,17.518,1,1.1779,13.38,12.25,6.1779
-0.76684,8.486,0.4411,0.67595,8.4884,0.46106,0.65844,17.511,1,1.1813,13.38,12.25,6.1813
-0.76673,8.4872,0.44107,0.6774,8.4895,0.46103,0.65987,17.503,1,1.1846,13.38,12.25,6.1846
-0.76663,8.4884,0.44103,0.67886,8.4906,0.461,0.66131,17.495,1,1.188,13.38,12.25,6.188
-0.76653,8.4896,0.441,0.68032,8.4916,0.46096,0.66275,17.488,1,1.1914,13.38,12.25,6.1914
-0.76642,8.4908,0.44096,0.68177,8.4927,0.46093,0.66419,17.48,1,1.1947,13.38,12.25,6.1947
-0.76632,8.492,0.44093,0.68323,8.4938,0.4609,0.66563,17.472,1,1.1981,13.38,12.25,6.1981
-0.76622,8.4931,0.44089,0.68469,8.4948,0.46086,0.66707,17.465,1,1.2015,13.38,12.25,6.2015
-0.76611,8.4943,0.44086,0.68614,8.4959,0.46083,0.66851,17.457,1,1.2049,13.38,12.25,6.2049
-0.76601,8.4955,0.44082,0.6876,8.497,0.46079,0.66995,17.449,1,1.2083,13.38,12.25,6.2083
-0.7659,8.4967,0.44079,0.68906,8.498,0.46076,0.67139,17.442,1,1.2116,13.38,12.25,6.2116
-0.7658,8.4979,0.44075,0.69051,8.4991,0.46073,0.67283,17.434,1,1.215,13.38,12.25,6.215
-0.7657,8.4991,0.44072,0.69197,8.5002,0.46069,0.67427,17.426,1,1.2184,13.38,12.25,6.2184
-0.76559,8.5003,0.44069,0.69343,8.5012,0.46066,0.67571,17.419,1,1.2217,13.38,12.25,6.2217
-0.76549,8.5015,0.44065,0.69489,8.5023,0.46063,0.67715,17.411,1,1.2251,13.38,12.25,6.2251
-0.76539,8.5027,0.44062,0.69634,8.5033,0.46059,0.67859,17.403,1,1.2285,13.38,12.25,6.2285
-0.76528,8.5039,0.44058,0.6978,8.5044,0.46056,0.68002,17.396,1,1.2319,13.38,12.25,6.2319
-0.76518,8.5051,0.44055,0.69926,8.5055,0.46053,0.68146,17.388,1,1.2352,13.38,12.25,6.2352
-0.76508,8.5063,0.44051,0.70071,8.5065,0.46049,0.6829,17.38,1,1.2386,13.38,12.25,6.2386
-0.76497,8.5075,0.44048,0.70217,8.5076,0.46046,0.68434,17.373,1,1.242,13.38,12.25,6.242
-0.76487,8.5087,0.44044,0.70363,8.5087,0.46043,0.68578,17.365,1,1.2454,13.38,12.25,6.2454
-0.76477,8.5099,0.44041,0.70508,8.5097,0.46039,0.68722,17.357,1,1.2488,13.38,12.25,6.2488
-0.76466,8.5111,0.44037,0.70654,8.5108,0.46036,0.68866,17.35,1,1.2521,13.38,12.25,6.2521
-0.76456,8.5123,0.44034,0.708,8.5119,0.46033,0.6901,17.342,1,1.2555,13.38,12.25,6.2555
-0.76445,8.5135,0.4403,0.70945,8.5129,0.46029,0.69154,17.334,1,1.2589,13.38,12.25,6.2589
-0.76435,8.5147,0.44027,0.71091,8.514,0.46026,0.69298,17.327,1,1.2622,13.38,12.25,6.2622
-0.76425,8.5159,0.44024,0.71237,8.5151,0.46022,0.69442,17.319,1,1.2656,13.38,12.25,6.2656
-0.76414,8.5171,0.4402,0.71382,8.5161,0.46019,0.69586,17.311,1,1.269,13.38,12.25,6.269
-0.76404,8.5183,0.44017,0.71528,8.5172,0.46016,0.6973,17.304,1,1.2724,13.38,12.25,6.2724
-0.76394,8.5195,0.44013,0.71674,8.5182,0.46012,0.69874,17.296,1,1.2758,13.38,12.25,6.2758
-0.76383,8.5207,0.4401,0.7182,8.5193,0.46009,0.70017,17.288,1,1.2791,13.38,12.25,6.2791
-0.76373,8.5219,0.44006,0.71965,8.5204,0.46006,0.70161,17.281,1,1.2825,13.38,12.25,6.2825
-0.76363,8.5231,0.44003,0.72111,8.5214,0.46002,0.70305,17.273,1,1.2859,13.38,12.25,6.2859
-0.76352,8.5243,0.43999,0.72257,8.5225,0.45999,0.70449,17.265,1,1.2892,13.38,12.25,6.2892
-0.76342,8.5255,0.43996,0.72402,8.5236,0.45996,0.70593,17.258,1,1.2926,13.38,12.25,6.2926
-0.76332,8.5267,0.43992,0.72548,8.5246,0.45992,0.70737,17.25,1,1.296,13.38,12.25,6.296
-0.76321,8.5279,0.43989,0.72694,8.5257,0.45989,0.70881,17.242,1,1.2994,13.38,12.25,6.2994
-0.76311,8.5291,0.43985,0.72839,8.5268,0.45986,0.71025,17.235,1,1.3028,13.38,12.25,6.3028
-0.76309,8.5302,0.43984,0.72986,8.5278,0.45984,0.71171,17.226,1,1.3061,13.38,12.25,6.3061
-0.76314,8.5314,0.43985,0.73135,8.5288,0.45984,0.71319,17.217,1,1.3095,13.38,12.25,6.3095
-0.76319,8.5325,0.43986,0.73283,8.5298,0.45984,0.71467,17.209,1,1.3129,13.38,12.25,6.3129
-0.76323,8.5337,0.43987,0.73431,8.5308,0.45983,0.71614,17.2,1,1.3162,13.38,12.25,6.3162
-0.76328,8.5348,0.43988,0.73579,8.5319,0.45983,0.71762,17.191,1,1.3196,13.38,12.25,6.3196
-0.76326,8.536,0.43987,0.73724,8.5329,0.45981,0.71907,17.181,1,1.323,13.38,12.25,6.323
-0.7629,8.5375,0.43978,0.73851,8.5343,0.45971,0.72039,17.167,1,1.3264,13.38,12.25,6.3264
-0.76254,8.539,0.43969,0.73979,8.5357,0.4596,0.7217,17.153,1,1.3298,13.38,12.25,6.3298
-0.76218,8.5405,0.4396,0.74106,8.5371,0.45949,0.72302,17.138,1,1.3331,13.38,12.25,6.3331
-0.76182,8.542,0.43951,0.74234,8.5384,0.45938,0.72433,17.124,1,1.3365,13.38,12.25,6.3365
-0.76146,8.5435,0.43941,0.74361,8.5398,0.45927,0.72565,17.11,1,1.3399,13.38,12.25,6.3399
-0.7611,8.545,0.43932,0.74489,8.5412,0.45916,0.72696,17.095,1,1.3432,13.38,12.25,6.3432
-0.76074,8.5465,0.43923,0.74616,8.5426,0.45905,0.72827,17.081,1,1.3466,13.38,12.25,6.3466
-0.76038,8.548,0.43914,0.74744,8.544,0.45894,0.72959,17.067,1,1.35,13.38,12.25,6.35
-0.76002,8.5495,0.43905,0.74871,8.5454,0.45883,0.7309,17.053,1,1.3534,13.38,12.25,6.3534
-0.75966,8.551,0.43896,0.74999,8.5467,0.45872,0.73222,17.038,1,1.3568,13.38,12.25,6.3568
-0.7593,8.5525,0.43887,0.75126,8.5481,0.45861,0.73353,17.024,1,1.3601,13.38,12.25,6.3601
-0.75894,8.554,0.43878,0.75253,8.5495,0.45851,0.73485,17.01,1,1.3635,13.38,12.25,6.3635
-0.75858,8.5555,0.43869,0.75381,8.5509,0.4584,0.73616,16.995,1,1.3669,13.38,12.25,6.3669
-0.75822,8.557,0.4386,0.75508,8.5523,0.45829,0.73748,16.981,1,1.3703,13.38,12.25,6.3703
-0.75786,8.5585,0.43851,0.75636,8.5536,0.45818,0.73879,16.967,1,1.3736,13.38,12.25,6.3736
-0.7575,8.56,0.43842,0.75763,8.555,0.45807,0.7401,16.952,1,1.377,13.38,12.25,6.377
-0.75714,8.5615,0.43833,0.75891,8.5564,0.45796,0.74142,16.938,1,1.3804,13.38,12.25,6.3804
-0.75678,8.563,0.43824,0.76018,8.5578,0.45785,0.74273,16.924,1,1.3837,13.38,12.25,6.3837
-0.75642,8.5645,0.43815,0.76146,8.5592,0.45774,0.74405,16.909,1,1.3871,13.38,12.25,6.3871
-0.75606,8.566,0.43806,0.76273,8.5605,0.45763,0.74536,16.895,1,1.3905,13.38,12.25,6.3905
-0.7557,8.5675,0.43796,0.76401,8.5619,0.45752,0.74668,16.881,1,1.3939,13.38,12.25,6.3939
-0.75534,8.569,0.43787,0.76528,8.5633,0.45741,0.74799,16.866,1,1.3973,13.38,12.25,6.3973
-0.75498,8.5705,0.43778,0.76656,8.5647,0.45731,0.74931,16.852,1,1.4006,13.38,12.25,6.4006
-0.75462,8.5719,0.43769,0.76783,8.5661,0.4572,0.75062,16.838,1,1.404,13.38,12.25,6.404
-0.75426,8.5734,0.4376,0.7691,8.5674,0.45709,0.75193,16.823,1,1.4074,13.38,12.25,6.4074
-0.7539,8.5749,0.43751,0.77038,8.5688,0.45698,0.75325,16.809,1,1.4107,13.38,12.25,6.4107
-0.75354,8.5764,0.43742,0.77165,8.5702,0.45687,0.75456,16.795,1,1.4141,13.38,12.25,6.4141
-0.75318,8.5779,0.43733,0.77293,8.5716,0.45676,0.75588,16.78,1,1.4175,13.38,12.25,6.4175
-0.75282,8.5794,0.43724,0.7742,8.573,0.45665,0.75719,16.766,1,1.4209,13.38,12.25,6.4209
-0.75246,8.5809,0.43715,0.77548,8.5743,0.45654,0.75851,16.752,1,1.4243,13.38,12.25,6.4243
-0.7521,8.5824,0.43706,0.77675,8.5757,0.45643,0.75982,16.737,1,1.4276,13.38,12.25,6.4276
-0.75174,8.5839,0.43697,0.77803,8.5771,0.45632,0.76114,16.723,1,1.431,13.38,12.25,6.431
-0.75138,8.5854,0.43688,0.7793,8.5785,0.45621,0.76245,16.709,1,1.4344,13.38,12.25,6.4344
-0.75102,8.5869,0.43679,0.78058,8.5799,0.45611,0.76376,16.694,1,1.4377,13.38,12.25,6.4377
-0.75066,8.5884,0.4367,0.78185,8.5812,0.456,0.76508,16.68,1,1.4411,13.38,12.25,6.4411
-0.7503,8.5899,0.4366,0.78313,8.5826,0.45589,0.76639,16.666,1,1.4445,13.38,12.25,6.4445
-0.74994,8.5914,0.43651,0.7844,8.584,0.45578,0.76771,16.652,1,1.4479,13.38,12.25,6.4479
-0.74958,8.5929,0.43642,0.78567,8.5854,0.45567,0.76902,16.637,1,1.4513,13.38,12.25,6.4513
-0.74922,8.5944,0.43633,0.78695,8.5868,0.45556,0.77034,16.623,1,1.4546,13.38,12.25,6.4546
-0.74886,8.5959,0.43624,0.78822,8.5881,0.45545,0.77165,16.609,1,1.458,13.38,12.25,6.458
-0.7485,8.5974,0.43615,0.7895,8.5895,0.45534,0.77297,16.594,1,1.4614,13.38,12.25,6.4614
-0.74814,8.5989,0.43606,0.79077,8.5909,0.45523,0.77428,16.58,1,1.4647,13.38,12.25,6.4647
-0.74778,8.6004,0.43597,0.79205,8.5923,0.45512,0.77559,16.566,1,1.4681,13.38,12.25,6.4681
-0.74742,8.6019,0.43588,0.79332,8.5937,0.45501,0.77691,16.551,1,1.4715,13.38,12.25,6.4715
-0.74706,8.6034,0.43579,0.7946,8.595,0.45491,0.77822,16.537,1,1.4749,13.38,12.25,6.4749
-0.7467,8.6049,0.4357,0.79587,8.5964,0.4548,0.77954,16.523,1,1.4783,13.38,12.25,6.4783
-0.74634,8.6064,0.43561,0.79715,8.5978,0.45469,0.78085,16.508,1,1.4816,13.38,12.25,6.4816
-0.74598,8.6079,0.43552,0.79842,8.5992,0.45458,0.78217,16.494,1,1.485,13.38,12.25,6.485
-0.74562,8.6094,0.43543,0.7997,8.6006,0.45447,0.78348,16.48,1,1.4884,13.38,12.25,6.4884
-0.74526,8.6109,0.43534,0.80097,8.6019,0.45436,0.78479,16.465,1,1.4917,13.38,12.25,6.4917
-0.74489,8.6124,0.43525,0.80224,8.6033,0.45425,0.78611,16.451,1,1.4951,13.38,12.25,6.4951
-0.74453,8.6139,0.43515,0.80352,8.6047,0.45414,0.78742,16.437,1,1.4985,13.38,12.25,6.4985
-0.74417,8.6154,0.43506,0.80479,8.6061,0.45403,0.78874,16.422,1,1.5019,13.38,12.25,6.5019
-0.74381,8.6169,0.43497,0.80607,8.6075,0.45392,0.79005,16.408,1,1.5052,13.38,12.25,6.5052
-0.74345,8.6184,0.43488,0.80734,8.6088,0.45381,0.79137,16.394,1,1.5086,13.38,12.25,6.5086
-0.74309,8.6199,0.43479,0.80862,8.6102,0.45371,0.79268,16.379,1,1.512,13.38,12.25,6.512
-0.74273,8.6214,0.4347,0.80989,8.6116,0.4536,0.794,16.365,1,1.5154,13.38,12.25,6.5154
-0.74237,8.6229,0.43461,0.81117,8.613,0.45349,0.79531,16.351,1,1.5188,13.38,12.25,6.5188
-0.74201,8.6244,0.43452,0.81244,8.6144,0.45338,0.79662,16.336,1,1.5221,13.38,12.25,6.5221
-0.74165,8.6259,0.43443,0.81372,8.6157,0.45327,0.79794,16.322,1,1.5255,13.38,12.25,6.5255
-0.74129,8.6274,0.43434,0.81499,8.6171,0.45316,0.79925,16.308,1,1.5289,13.38,12.25,6.5289
-0.74093,8.6289,0.43425,0.81627,8.6185,0.45305,0.80057,16.293,1,1.5322,13.38,12.25,6.5322
-0.74057,8.6303,0.43416,0.81754,8.6199,0.45294,0.80188,16.279,1,1.5356,13.38,12.25,6.5356
-0.74021,8.6318,0.43407,0.81881,8.6213,0.45283,0.8032,16.265,1,1.539,13.38,12.25,6.539
-0.73985,8.6333,0.43398,0.82009,8.6227,0.45272,0.80451,16.251,1,1.5424,13.38,12.25,6.5424
-0.73949,8.6348,0.43389,0.82136,8.624,0.45261,0.80583,16.236,1,1.5458,13.38,12.25,6.5458
-0.73913,8.6363,0.43379,0.82264,8.6254,0.45251,0.80714,16.222,1,1.5491,13.38,12.25,6.5491
-0.73882,8.6378,0.43372,0.82392,8.6268,0.45241,0.80847,16.207,1,1.5525,13.38,12.25,6.5525
-0.73865,8.6393,0.43368,0.82524,8.6281,0.45234,0.80984,16.193,1,1.5559,13.38,12.25,6.5559
-0.73848,8.6407,0.43364,0.82656,8.6295,0.45228,0.81121,16.178,1,1.5592,13.38,12.25,6.5592
-0.73831,8.6422,0.4336,0.82788,8.6308,0.45221,0.81257,16.163,1,1.5626,13.38,12.25,6.5626
-0.73814,8.6436,0.43356,0.8292,8.6322,0.45215,0.81394,16.148,1,1.566,13.38,12.25,6.566
-0.73797,8.6451,0.43352,0.83052,8.6335,0.45209,0.81531,16.133,1,1.5694,13.38,12.25,6.5694
-0.73742,8.6468,0.43338,0.83159,8.6351,0.45191,0.81646,16.114,1,1.5728,13.38,12.25,6.5728
-0.73678,8.6485,0.4332,0.83261,8.6368,0.4517,0.81755,16.095,1,1.5761,13.38,12.25,6.5761
-0.73614,8.6502,0.43303,0.83363,8.6385,0.45149,0.81865,16.075,1,1.5795,13.38,12.25,6.5795
-0.7355,8.652,0.43286,0.83464,8.6401,0.45129,0.81974,16.055,1,1.5829,13.38,12.25,6.5829
-0.73486,8.6537,0.43268,0.83566,8.6418,0.45108,0.82084,16.036,1,1.5862,13.38,12.25,6.5862
-0.73422,8.6555,0.43251,0.83668,8.6435,0.45087,0.82193,16.016,1,1.5896,13.38,12.25,6.5896
-0.73358,8.6572,0.43233,0.8377,8.6452,0.45067,0.82303,15.997,1,1.593,13.38,12.25,6.593
-0.73294,8.659,0.43216,0.83872,8.6468,0.45046,0.82412,15.977,1,1.5964,13.38,12.25,6.5964
-0.7323,8.6607,0.43199,0.83974,8.6485,0.45026,0.82522,15.958,1,1.5998,13.38,12.25,6.5998
-0.73166,8.6625,0.43181,0.84075,8.6502,0.45005,0.82631,15.938,1,1.6031,13.38,12.25,6.6031
-0.73102,8.6642,0.43164,0.84177,8.6519,0.44984,0.82741,15.919,1,1.6065,13.38,12.25,6.6065
-0.73038,8.6659,0.43147,0.84279,8.6535,0.44964,0.8285,15.899,1,1.6099,13.38,12.25,6.6099
-0.72974,8.6677,0.43129,0.84381,8.6552,0.44943,0.8296,15.879,1,1.6132,13.38,12.25,6.6132
-0.7291,8.6694,0.43112,0.84483,8.6569,0.44922,0.83069,15.86,1,1.6166,13.38,12.25,6.6166
-0.72846,8.6712,0.43095,0.84585,8.6586,0.44902,0.83179,15.84,1,1.62,13.38,12.25,6.62
-0.72782,8.6729,0.43077,0.84686,8.6602,0.44881,0.83288,15.821,1,1.6234,13.38,12.25,6.6234
-0.72718,8.6747,0.4306,0.84788,8.6619,0.44861,0.83398,15.801,1,1.6267,13.38,12.25,6.6267
-0.72654,8.6764,0.43042,0.8489,8.6636,0.4484,0.83507,15.782,1,1.6301,13.38,12.25,6.6301
-0.7259,8.6781,0.43025,0.84992,8.6653,0.44819,0.83617,15.762,1,1.6335,13.38,12.25,6.6335
-0.72526,8.6799,0.43008,0.85094,8.6669,0.44799,0.83726,15.743,1,1.6369,13.38,12.25,6.6369
-0.72462,8.6816,0.4299,0.85195,8.6686,0.44778,0.83836,15.723,1,1.6403,13.38,12.25,6.6403
-0.72398,8.6834,0.42973,0.85297,8.6703,0.44757,0.83945,15.703,1,1.6436,13.38,12.25,6.6436
-0.72334,8.6851,0.42956,0.85399,8.672,0.44737,0.84055,15.684,1,1.647,13.38,12.25,6.647
-0.7227,8.6869,0.42938,0.85501,8.6736,0.44716,0.84164,15.664,1,1.6504,13.38,12.25,6.6504
-0.72206,8.6886,0.42921,0.85603,8.6753,0.44695,0.84273,15.645,1,1.6537,13.38,12.25,6.6537
-0.72142,8.6904,0.42903,0.85705,8.677,0.44675,0.84383,15.625,1,1.6571,13.38,12.25,6.6571
-0.72078,8.6921,0.42886,0.85806,8.6787,0.44654,0.84492,15.606,1,1.6605,13.38,12.25,6.6605
-0.72014,8.6938,0.42869,0.85908,8.6803,0.44634,0.84602,15.586,1,1.6639,13.38,12.25,6.6639
-0.7195,8.6956,0.42851,0.8601,8.682,0.44613,0.84711,15.567,1,1.6673,13.38,12.25,6.6673
-0.71886,8.6973,0.42834,0.86112,8.6837,0.44592,0.84821,15.547,1,1.6706,13.38,12.25,6.6706
-0.71822,8.6991,0.42817,0.86214,8.6854,0.44572,0.8493,15.527,1,1.674,13.38,12.25,6.674
-0.71758,8.7008,0.42799,0.86316,8.687,0.44551,0.8504,15.508,1,1.6774,13.38,12.25,6.6774
-0.71694,8.7026,0.42782,0.86417,8.6887,0.4453,0.85149,15.488,1,1.6807,13.38,12.25,6.6807
-0.7163,8.7043,0.42765,0.86519,8.6904,0.4451,0.85259,15.469,1,1.6841,13.38,12.25,6.6841
-0.71566,8.706,0.42747,0.86621,8.6921,0.44489,0.85368,15.449,1,1.6875,13.38,12.25,6.6875
-0.71502,8.7078,0.4273,0.86723,8.6937,0.44469,0.85478,15.43,1,1.6909,13.38,12.25,6.6909
-0.71438,8.7095,0.42712,0.86825,8.6954,0.44448,0.85587,15.41,1,1.6943,13.38,12.25,6.6943
-0.71374,8.7113,0.42695,0.86926,8.6971,0.44427,0.85697,15.391,1,1.6976,13.38,12.25,6.6976
-0.7131,8.713,0.42678,0.87028,8.6988,0.44407,0.85806,15.371,1,1.701,13.38,12.25,6.701
-0.71246,8.7148,0.4266,0.8713,8.7004,0.44386,0.85916,15.351,1,1.7044,13.38,12.25,6.7044
-0.71182,8.7165,0.42643,0.87232,8.7021,0.44365,0.86025,15.332,1,1.7077,13.38,12.25,6.7077
-0.71118,8.7182,0.42626,0.87334,8.7038,0.44345,0.86135,15.312,1,1.7111,13.38,12.25,6.7111
-0.71054,8.72,0.42608,0.87436,8.7055,0.44324,0.86244,15.293,1,1.7145,13.38,12.25,6.7145
-0.7099,8.7217,0.42591,0.87537,8.7071,0.44303,0.86354,15.273,1,1.7179,13.38,12.25,6.7179
-0.70926,8.7235,0.42574,0.87639,8.7088,0.44283,0.86463,15.254,1,1.7213,13.38,12.25,6.7213
-0.70862,8.7252,0.42556,0.87741,8.7105,0.44262,0.86573,15.234,1,1.7246,13.38,12.25,6.7246
-0.70798,8.727,0.42539,0.87843,8.7122,0.44242,0.86682,15.215,1,1.728,13.38,12.25,6.728
-0.70734,8.7287,0.42521,0.87945,8.7138,0.44221,0.86792,15.195,1,1.7314,13.38,12.25,6.7314
-0.7067,8.7305,0.42504,0.88046,8.7155,0.442,0.86901,15.175,1,1.7347,13.38,12.25,6.7347
-0.70606,8.7322,0.42487,0.88148,8.7172,0.4418,0.87011,15.156,1,1.7381,13.38,12.25,6.7381
-0.70542,8.7339,0.42469,0.8825,8.7189,0.44159,0.8712,15.136,1,1.7415,13.38,12.25,6.7415
-0.70478,8.7357,0.42452,0.88352,8.7205,0.44138,0.8723,15.117,1,1.7449,13.38,12.25,6.7449
-0.70414,8.7374,0.42435,0.88454,8.7222,0.44118,0.87339,15.097,1,1.7483,13.38,12.25,6.7483
-0.7035,8.7392,0.42417,0.88556,8.7239,0.44097,0.87449,15.078,1,1.7516,13.38,12.25,6.7516
-0.70286,8.7409,0.424,0.88657,8.7256,0.44077,0.87558,15.058,1,1.755,13.38,12.25,6.755
-0.70222,8.7427,0.42383,0.88759,8.7272,0.44056,0.87668,15.038,1,1.7584,13.38,12.25,6.7584
-0.70159,8.7444,0.42365,0.88861,8.7289,0.44035,0.87777,15.019,1,1.7618,13.38,12.25,6.7618
-0.70095,8.7461,0.42348,0.88963,8.7306,0.44015,0.87887,14.999,1,1.7651,13.38,12.25,6.7651
-0.70031,8.7479,0.4233,0.89065,8.7323,0.43994,0.87996,14.98,1,1.7685,13.38,12.25,6.7685
-0.69967,8.7496,0.42313,0.89167,8.7339,0.43973,0.88106,14.96,1,1.7719,13.38,12.25,6.7719
-0.69903,8.7514,0.42296,0.89268,8.7356,0.43953,0.88215,14.941,1,1.7752,13.38,12.25,6.7752
-0.69839,8.7531,0.42278,0.8937,8.7373,0.43932,0.88325,14.921,1,1.7786,13.38,12.25,6.7786
-0.69775,8.7549,0.42261,0.89472,8.7389,0.43912,0.88434,14.902,1,1.782,13.38,12.25,6.782
-0.69711,8.7566,0.42244,0.89574,8.7406,0.43891,0.88543,14.882,1,1.7854,13.38,12.25,6.7854
-0.69647,8.7584,0.42226,0.89676,8.7423,0.4387,0.88653,14.862,1,1.7888,13.38,12.25,6.7888
-0.69583,8.7601,0.42209,0.89777,8.744,0.4385,0.88762,14.843,1,1.7921,13.38,12.25,6.7921
-0.69519,8.7618,0.42191,0.89879,8.7456,0.43829,0.88872,14.823,1,1.7955,13.38,12.25,6.7955
-0.69455,8.7636,0.42174,0.89981,8.7473,0.43808,0.88981,14.804,1,1.7989,13.38,12.25,6.7989
-0.69409,8.7653,0.42162,0.90088,8.749,0.43793,0.89097,14.784,1,1.8022,13.38,12.25,6.8022
-0.69364,8.767,0.42151,0.90196,8.7507,0.43778,0.89213,14.765,1,1.8056,13.38,12.25,6.8056
-0.6932,8.7687,0.4214,0.90304,8.7523,0.43764,0.89329,14.745,1,1.809,13.38,12.25,6.809
-0.69275,8.7704,0.42129,0.90412,8.754,0.43749,0.89445,14.726,1,1.8124,13.38,12.25,6.8124
-0.69231,8.7722,0.42117,0.90519,8.7556,0.43734,0.89561,14.706,1,1.8158,13.38,12.25,6.8158
-0.69163,8.774,0.42098,0.90609,8.7574,0.43711,0.89659,14.685,1,1.8191,13.38,12.25,6.8191
-0.69071,8.7759,0.42071,0.90679,8.7593,0.4368,0.89737,14.663,1,1.8225,13.38,12.25,6.8225
-0.68978,8.7778,0.42044,0.9075,8.7612,0.43649,0.89816,14.64,1,1.8259,13.38,12.25,6.8259
-0.68885,8.7797,0.42017,0.9082,8.7631,0.43618,0.89895,14.618,1,1.8292,13.38,12.25,6.8292
-0.68792,8.7816,0.4199,0.9089,8.765,0.43587,0.89973,14.596,1,1.8326,13.38,12.25,6.8326
-0.68699,8.7835,0.41963,0.90961,8.7669,0.43555,0.90052,14.573,1,1.836,13.38,12.25,6.836
-0.68607,8.7854,0.41935,0.91031,8.7688,0.43524,0.9013,14.551,1,1.8394,13.38,12.25,6.8394
-0.68514,8.7873,0.41908,0.91101,8.7707,0.43493,0.90209,14.529,1,1.8428,13.38,12.25,6.8428
-0.68421,8.7892,0.41881,0.91171,8.7726,0.43462,0.90287,14.507,1,1.8461,13.38,12.25,6.8461
-0.68328,8.7911,0.41854,0.91242,8.7745,0.43431,0.90366,14.484,1,1.8495,13.38,12.25,6.8495
-0.68235,8.793,0.41827,0.91312,8.7764,0.43399,0.90444,14.462,1,1.8529,13.38,12.25,6.8529
-0.68143,8.7949,0.41799,0.91382,8.7783,0.43368,0.90523,14.44,1,1.8562,13.38,12.25,6.8562
-0.6805,8.7969,0.41772,0.91453,8.7802,0.43337,0.90602,14.417,1,1.8596,13.38,12.25,6.8596
-0.67957,8.7988,0.41745,0.91523,8.7821,0.43306,0.9068,14.395,1,1.863,13.38,12.25,6.863
-0.67864,8.8007,0.41718,0.91593,8.784,0.43275,0.90759,14.373,1,1.8664,13.38,12.25,6.8664
-0.67772,8.8026,0.41691,0.91664,8.7858,0.43243,0.90837,14.35,1,1.8698,13.38,12.25,6.8698
-0.67679,8.8045,0.41664,0.91734,8.7877,0.43212,0.90916,14.328,1,1.8731,13.38,12.25,6.8731
-0.67586,8.8064,0.41636,0.91804,8.7896,0.43181,0.90994,14.306,1,1.8765,13.38,12.25,6.8765
-0.67493,8.8083,0.41609,0.91874,8.7915,0.4315,0.91073,14.283,1,1.8799,13.38,12.25,6.8799
-0.674,8.8102,0.41582,0.91945,8.7934,0.43119,0.91151,14.261,1,1.8833,13.38,12.25,6.8833
-0.67308,8.8121,0.41555,0.92015,8.7953,0.43087,0.9123,14.239,1,1.8866,13.38,12.25,6.8866
-0.67215,8.814,0.41528,0.92085,8.7972,0.43056,0.91308,14.216,1,1.89,13.38,12.25,6.89
-0.67122,8.8159,0.415,0.92156,8.7991,0.43025,0.91387,14.194,1,1.8934,13.38,12.25,6.8934
-0.67029,8.8178,0.41473,0.92226,8.801,0.42994,0.91466,14.172,1,1.8967,13.38,12.25,6.8967
-0.66936,8.8197,0.41446,0.92296,8.8029,0.42962,0.91544,14.15,1,1.9001,13.38,12.25,6.9001
-0.66844,8.8216,0.41419,0.92367,8.8048,0.42931,0.91623,14.127,1,1.9035,13.38,12.25,6.9035
-0.66751,8.8235,0.41392,0.92437,8.8067,0.429,0.91701,14.105,1,1.9069,13.38,12.25,6.9069
-0.66658,8.8255,0.41365,0.92507,8.8086,0.42869,0.9178,14.083,1,1.9103,13.38,12.25,6.9103
-0.66565,8.8274,0.41337,0.92577,8.8105,0.42838,0.91858,14.06,1,1.9136,13.38,12.25,6.9136
-0.66472,8.8293,0.4131,0.92648,8.8124,0.42806,0.91937,14.038,1,1.917,13.38,12.25,6.917
-0.6638,8.8312,0.41283,0.92718,8.8143,0.42775,0.92015,14.016,1,1.9204,13.38,12.25,6.9204
-0.66287,8.8331,0.41256,0.92788,8.8162,0.42744,0.92094,13.993,1,1.9237,13.38,12.25,6.9237
-0.66194,8.835,0.41229,0.92859,8.8181,0.42713,0.92173,13.971,1,1.9271,13.38,12.25,6.9271
-0.66101,8.8369,0.41201,0.92929,8.82,0.42682,0.92251,13.949,1,1.9305,13.38,12.25,6.9305
-0.66009,8.8388,0.41174,0.92999,8.8219,0.4265,0.9233,13.926,1,1.9339,13.38,12.25,6.9339
-0.65916,8.8407,0.41147,0.9307,8.8238,0.42619,0.92408,13.904,1,1.9373,13.38,12.25,6.9373
-0.65823,8.8426,0.4112,0.9314,8.8256,0.42588,0.92487,13.882,1,1.9406,13.38,12.25,6.9406
-0.6573,8.8445,0.41093,0.9321,8.8275,0.42557,0.92565,13.859,1,1.944,13.38,12.25,6.944
-0.65637,8.8464,0.41066,0.9328,8.8294,0.42526,0.92644,13.837,1,1.9474,13.38,12.25,6.9474
-0.65545,8.8483,0.41038,0.93351,8.8313,0.42494,0.92722,13.815,1,1.9507,13.38,12.25,6.9507
-0.65452,8.8502,0.41011,0.93421,8.8332,0.42463,0.92801,13.793,1,1.9541,13.38,12.25,6.9541
-0.65359,8.8521,0.40984,0.93491,8.8351,0.42432,0.92879,13.77,1,1.9575,13.38,12.25,6.9575
-0.65266,8.8541,0.40957,0.93562,8.837,0.42401,0.92958,13.748,1,1.9609,13.38,12.25,6.9609
-0.65173,8.856,0.4093,0.93632,8.8389,0.4237,0.93037,13.726,1,1.9643,13.38,12.25,6.9643
-0.65081,8.8579,0.40902,0.93702,8.8408,0.42338,0.93115,13.703,1,1.9676,13.38,12.25,6.9676
-0.64988,8.8598,0.40875,0.93773,8.8427,0.42307,0.93194,13.681,1,1.971,13.38,12.25,6.971
-0.64895,8.8617,0.40848,0.93843,8.8446,0.42276,0.93272,13.659,1,1.9744,13.38,12.25,6.9744
-0.64802,8.8636,0.40821,0.93913,8.8465,0.42245,0.93351,13.636,1,1.9777,13.38,12.25,6.9777
-0.64709,8.8655,0.40794,0.93983,8.8484,0.42214,0.93429,13.614,1,1.9811,13.38,12.25,6.9811
-0.64617,8.8674,0.40767,0.94054,8.8503,0.42182,0.93508,13.592,1,1.9845,13.38,12.25,6.9845
-0.64524,8.8693,0.40739,0.94124,8.8522,0.42151,0.93586,13.569,1,1.9879,13.38,12.25,6.9879
-0.64431,8.8712,0.40712,0.94194,8.8541,0.4212,0.93665,13.547,1,1.9913,13.38,12.25,6.9913
-0.64338,8.8731,0.40685,0.94265,8.856,0.42089,0.93744,13.525,1,1.9946,13.38,12.25,6.9946
-0.64246,8.875,0.40658,0.94335,8.8579,0.42058,0.93822,13.502,1,1.998,13.38,12.25,6.998
-0.64153,8.8769,0.40631,0.94405,8.8598,0.42026,0.93901,13.48,1,2.0014,13.38,12.25,7.0014
-0.6406,8.8788,0.40604,0.94475,8.8617,0.41995,0.93979,13.458,1,2.0047,13.38,12.25,7.0047
-0.63967,8.8807,0.40576,0.94546,8.8636,0.41964,0.94058,13.436,1,2.0081,13.38,12.25,7.0081
-0.63874,8.8827,0.40549,0.94616,8.8654,0.41933,0.94136,13.413,1,2.0115,13.38,12.25,7.0115
-0.63782,8.8846,0.40522,0.94686,8.8673,0.41901,0.94215,13.391,1,2.0149,13.38,12.25,7.0149
-0.63689,8.8865,0.40495,0.94757,8.8692,0.4187,0.94293,13.369,1,2.0182,13.38,12.25,7.0182
-0.63596,8.8884,0.40468,0.94827,8.8711,0.41839,0.94372,13.346,1,2.0216,13.38,12.25,7.0216
-0.63503,8.8903,0.4044,0.94897,8.873,0.41808,0.94451,13.324,1,2.025,13.38,12.25,7.025
-0.6341,8.8922,0.40413,0.94968,8.8749,0.41777,0.94529,13.302,1,2.0284,13.38,12.25,7.0284
-0.63318,8.8941,0.40386,0.95038,8.8768,0.41745,0.94608,13.279,1,2.0318,13.38,12.25,7.0318
-0.63225,8.896,0.40359,0.95108,8.8787,0.41714,0.94686,13.257,1,2.0351,13.38,12.25,7.0351
-0.63132,8.8979,0.40332,0.95178,8.8806,0.41683,0.94765,13.235,1,2.0385,13.38,12.25,7.0385
-0.63039,8.8998,0.40305,0.95249,8.8825,0.41652,0.94843,13.212,1,2.0419,13.38,12.25,7.0419
-0.62946,8.9017,0.40277,0.95319,8.8844,0.41621,0.94922,13.19,1,2.0452,13.38,12.25,7.0452
-0.62863,8.9036,0.40254,0.95393,8.8863,0.41593,0.95004,13.168,1,2.0486,13.38,12.25,7.0486
-0.62786,8.9055,0.40234,0.9547,8.8882,0.41569,0.95089,13.146,1,2.052,13.38,12.25,7.052
-0.62708,8.9075,0.40213,0.95546,8.8901,0.41545,0.95174,13.124,1,2.0554,13.38,12.25,7.0554
-0.62631,8.9094,0.40193,0.95623,8.8921,0.41521,0.95259,13.102,1,2.0588,13.38,12.25,7.0588
-0.62554,8.9113,0.40173,0.957,8.894,0.41497,0.95345,13.08,1,2.0621,13.38,12.25,7.0621
-0.62471,8.9132,0.4015,0.9577,8.8959,0.4147,0.95423,13.058,1,2.0655,13.38,12.25,7.0655
-0.62355,8.9152,0.40114,0.95806,8.8979,0.4143,0.95466,13.035,1,2.0689,13.38,12.25,7.0689
-0.6224,8.9171,0.40077,0.95842,8.8999,0.41389,0.95508,13.013,1,2.0722,13.38,12.25,7.0722
-0.62124,8.9191,0.40041,0.95878,8.9019,0.41349,0.9555,12.99,1,2.0756,13.38,12.25,7.0756
-0.62008,8.921,0.40005,0.95915,8.9039,0.41308,0.95593,12.968,1,2.079,13.38,12.25,7.079
-0.61893,8.923,0.39968,0.95951,8.9059,0.41268,0.95635,12.945,1,2.0824,13.38,12.25,7.0824
-0.61777,8.925,0.39932,0.95987,8.9079,0.41227,0.95678,12.922,1,2.0858,13.38,12.25,7.0858
-0.61661,8.9269,0.39895,0.96023,8.9099,0.41187,0.9572,12.9,1,2.0891,13.38,12.25,7.0891
-0.61546,8.9289,0.39859,0.96059,8.9119,0.41146,0.95762,12.877,1,2.0925,13.38,12.25,7.0925
-0.6143,8.9309,0.39823,0.96095,8.9138,0.41106,0.95805,12.855,1,2.0959,13.38,12.25,7.0959
-0.61314,8.9328,0.39786,0.96131,8.9158,0.41065,0.95847,12.832,1,2.0992,13.38,12.25,7.0992
-0.61199,8.9348,0.3975,0.96167,8.9178,0.41025,0.9589,12.809,1,2.1026,13.38,12.25,7.1026
-0.61083,8.9367,0.39714,0.96203,8.9198,0.40984,0.95932,12.787,1,2.106,13.38,12.25,7.106
-0.60967,8.9387,0.39677,0.96239,8.9218,0.40944,0.95974,12.764,1,2.1094,13.38,12.25,7.1094
-0.60852,8.9407,0.39641,0.96275,8.9238,0.40903,0.96017,12.742,1,2.1128,13.38,12.25,7.1128
-0.60736,8.9426,0.39605,0.96311,8.9258,0.40863,0.96059,12.719,1,2.1161,13.38,12.25,7.1161
-0.6062,8.9446,0.39568,0.96347,8.9278,0.40822,0.96101,12.696,1,2.1195,13.38,12.25,7.1195
-0.60504,8.9466,0.39532,0.96383,8.9298,0.40782,0.96144,12.674,1,2.1229,13.38,12.25,7.1229
-0.60389,8.9485,0.39496,0.96419,8.9318,0.40741,0.96186,12.651,1,2.1262,13.38,12.25,7.1262
-0.60273,8.9505,0.39459,0.96455,8.9338,0.40701,0.96229,12.629,1,2.1296,13.38,12.25,7.1296
-0.60157,8.9524,0.39423,0.96491,8.9358,0.4066,0.96271,12.606,1,2.133,13.38,12.25,7.133
-0.60042,8.9544,0.39387,0.96527,8.9378,0.4062,0.96313,12.583,1,2.1364,13.38,12.25,7.1364
-0.59926,8.9564,0.3935,0.96563,8.9398,0.40579,0.96356,12.561,1,2.1398,13.38,12.25,7.1398
-0.5981,8.9583,0.39314,0.96599,8.9418,0.40539,0.96398,12.538,1,2.1431,13.38,12.25,7.1431
-0.59695,8.9603,0.39278,0.96635,8.9438,0.40498,0.96441,12.516,1,2.1465,13.38,12.25,7.1465
-0.59579,8.9623,0.39241,0.96671,8.9457,0.40458,0.96483,12.493,1,2.1499,13.38,12.25,7.1499
-0.59463,8.9642,0.39205,0.96707,8.9477,0.40417,0.96525,12.47,1,2.1533,13.38,12.25,7.1533
-0.59348,8.9662,0.39169,0.96743,8.9497,0.40377,0.96568,12.448,1,2.1566,13.38,12.25,7.1566
-0.59232,8.9681,0.39132,0.96779,8.9517,0.40336,0.9661,12.425,1,2.16,13.38,12.25,7.16
-0.59116,8.9701,0.39096,0.96816,8.9537,0.40295,0.96652,12.403,1,2.1634,13.38,12.25,7.1634
-0.59001,8.9721,0.3906,0.96852,8.9557,0.40255,0.96695,12.38,1,2.1667,13.38,12.25,7.1667
-0.58885,8.974,0.39023,0.96888,8.9577,0.40214,0.96737,12.357,1,2.1701,13.38,12.25,7.1701
-0.58769,8.976,0.38987,0.96924,8.9597,0.40174,0.9678,12.335,1,2.1735,13.38,12.25,7.1735
-0.58654,8.978,0.38951,0.9696,8.9617,0.40133,0.96822,12.312,1,2.1769,13.38,12.25,7.1769
-0.58538,8.9799,0.38914,0.96996,8.9637,0.40093,0.96864,12.29,1,2.1803,13.38,12.25,7.1803
-0.58422,8.9819,0.38878,0.97032,8.9657,0.40052,0.96907,12.267,1,2.1836,13.38,12.25,7.1836
-0.58307,8.9838,0.38841,0.97068,8.9677,0.40012,0.96949,12.244,1,2.187,13.38,12.25,7.187
-0.58191,8.9858,0.38805,0.97104,8.9697,0.39971,0.96991,12.222,1,2.1904,13.38,12.25,7.1904
-0.58075,8.9878,0.38769,0.9714,8.9717,0.39931,0.97034,12.199,1,2.1937,13.38,12.25,7.1937
-0.5796,8.9897,0.38732,0.97176,8.9737,0.3989,0.97076,12.177,1,2.1971,13.38,12.25,7.1971
-0.57844,8.9917,0.38696,0.97212,8.9756,0.3985,0.97119,12.154,1,2.2005,13.38,12.25,7.2005
-0.57728,8.9937,0.3866,0.97248,8.9776,0.39809,0.97161,12.131,1,2.2039,13.38,12.25,7.2039
-0.57613,8.9956,0.38623,0.97284,8.9796,0.39769,0.97203,12.109,1,2.2073,13.38,12.25,7.2073
-0.57497,8.9976,0.38587,0.9732,8.9816,0.39728,0.97246,12.086,1,2.2106,13.38,12.25,7.2106
-0.57381,8.9995,0.38551,0.97356,8.9836,0.39688,0.97288,12.064,1,2.214,13.38,12.25,7.214
-0.57266,9.0015,0.38514,0.97392,8.9856,0.39647,0.97331,12.041,1,2.2174,13.38,12.25,7.2174
-0.5715,9.0035,0.38478,0.97428,8.9876,0.39607,0.97373,12.018,1,2.2207,13.38,12.25,7.2207
-0.57034,9.0054,0.38442,0.97464,8.9896,0.39566,0.97415,11.996,1,2.2241,13.38,12.25,7.2241
-0.56919,9.0074,0.38405,0.975,8.9916,0.39526,0.97458,11.973,1,2.2275,13.38,12.25,7.2275
-0.56803,9.0094,0.38369,0.97536,8.9936,0.39485,0.975,11.951,1,2.2309,13.38,12.25,7.2309
-0.56687,9.0113,0.38333,0.97572,8.9956,0.39445,0.97542,11.928,1,2.2343,13.38,12.25,7.2343
-0.56572,9.0133,0.38296,0.97608,8.9976,0.39404,0.97585,11.905,1,2.2376,13.38,12.25,7.2376
-0.56456,9.0153,0.3826,0.97644,8.9996,0.39364,0.97627,11.883,1,2.241,13.38,12.25,7.241
-0.5634,9.0172,0.38224,0.9768,9.0016,0.39323,0.9767,11.86,1,2.2444,13.38,12.25,7.2444
-0.56225,9.0192,0.38187,0.97716,9.0036,0.39283,0.97712,11.838,1,2.2477,13.38,12.25,7.2477
-0.56109,9.0211,0.38151,0.97753,9.0055,0.39242,0.97754,11.815,1,2.2511,13.38,12.25,7.2511
-0.55993,9.0231,0.38115,0.97789,9.0075,0.39202,0.97797,11.792,1,2.2545,13.38,12.25,7.2545
-0.55878,9.0251,0.38078,0.97825,9.0095,0.39161,0.97839,11.77,1,2.2579,13.38,12.25,7.2579
-0.55762,9.027,0.38042,0.97861,9.0115,0.39121,0.97882,11.747,1,2.2613,13.38,12.25,7.2613
-0.55646,9.029,0.38006,0.97897,9.0135,0.3908,0.97924,11.725,1,2.2646,13.38,12.25,7.2646
-0.5553,9.031,0.37969,0.97933,9.0155,0.3904,0.97966,11.702,1,2.268,13.38,12.25,7.268
-0.55415,9.0329,0.37933,0.97969,9.0175,0.38999,0.98009,11.679,1,2.2714,13.38,12.25,7.2714
-0.55299,9.0349,0.37897,0.98005,9.0195,0.38959,0.98051,11.657,1,2.2748,13.38,12.25,7.2748
-0.55183,9.0368,0.3786,0.98041,9.0215,0.38918,0.98093,11.634,1,2.2781,13.38,12.25,7.2781
-0.55068,9.0388,0.37824,0.98077,9.0235,0.38878,0.98136,11.612,1,2.2815,13.38,12.25,7.2815
-0.54952,9.0408,0.37788,0.98113,9.0255,0.38837,0.98178,11.589,1,2.2849,13.38,12.25,7.2849
-0.54836,9.0427,0.37751,0.98149,9.0275,0.38797,0.98221,11.566,1,2.2882,13.38,12.25,7.2882
-0.54721,9.0447,0.37715,0.98185,9.0295,0.38756,0.98263,11.544,1,2.2916,13.38,12.25,7.2916
-0.54607,9.0467,0.3768,0.98222,9.0315,0.38718,0.98307,11.521,1,2.295,13.38,12.25,7.295
-0.545,9.0487,0.37651,0.98264,9.0335,0.38685,0.98354,11.499,1,2.2984,13.38,12.25,7.2984
-0.54392,9.0507,0.37622,0.98305,9.0356,0.38652,0.98402,11.477,1,2.3018,13.38,12.25,7.3018
-0.54285,9.0527,0.37593,0.98346,9.0376,0.38619,0.98449,11.455,1,2.3051,13.38,12.25,7.3051
-0.54177,9.0547,0.37563,0.98388,9.0397,0.38586,0.98497,11.433,1,2.3085,13.38,12.25,7.3085
-0.54069,9.0567,0.37534,0.98429,9.0417,0.38553,0.98545,11.41,1,2.3119,13.38,12.25,7.3119
-0.53948,9.0586,0.37494,0.9844,9.0437,0.38509,0.98559,11.389,1,2.3152,13.38,12.25,7.3152
-0.53823,9.0605,0.37451,0.98443,9.0456,0.38463,0.98566,11.368,1,2.3186,13.38,12.25,7.3186
-0.53698,9.0624,0.37408,0.98447,9.0476,0.38416,0.98573,11.347,1,2.322,13.38,12.25,7.322
-0.53574,9.0643,0.37366,0.9845,9.0496,0.3837,0.9858,11.326,1,2.3254,13.38,12.25,7.3254
-0.53449,9.0662,0.37323,0.98454,9.0515,0.38323,0.98588,11.305,1,2.3288,13.38,12.25,7.3288
-0.53324,9.0681,0.3728,0.98458,9.0535,0.38277,0.98595,11.283,1,2.3321,13.38,12.25,7.3321
-0.532,9.07,0.37237,0.98461,9.0554,0.3823,0.98602,11.262,1,2.3355,13.38,12.25,7.3355
-0.53075,9.0719,0.37195,0.98465,9.0574,0.38183,0.98609,11.241,1,2.3389,13.38,12.25,7.3389
-0.5295,9.0739,0.37152,0.98468,9.0593,0.38137,0.98616,11.22,1,2.3422,13.38,12.25,7.3422
-0.52825,9.0758,0.37109,0.98472,9.0613,0.3809,0.98623,11.199,1,2.3456,13.38,12.25,7.3456
-0.52701,9.0777,0.37066,0.98475,9.0633,0.38044,0.9863,11.178,1,2.349,13.38,12.25,7.349
-0.52576,9.0796,0.37024,0.98479,9.0652,0.37997,0.98637,11.157,1,2.3524,13.38,12.25,7.3524
-0.52451,9.0815,0.36981,0.98483,9.0672,0.37951,0.98644,11.135,1,2.3558,13.38,12.25,7.3558
-0.52327,9.0834,0.36938,0.98486,9.0691,0.37904,0.98652,11.114,1,2.3591,13.38,12.25,7.3591
-0.52202,9.0853,0.36895,0.9849,9.0711,0.37858,0.98659,11.093,1,2.3625,13.38,12.25,7.3625
-0.52077,9.0872,0.36853,0.98493,9.073,0.37811,0.98666,11.072,1,2.3659,13.38,12.25,7.3659
-0.51952,9.0891,0.3681,0.98497,9.075,0.37764,0.98673,11.051,1,2.3692,13.38,12.25,7.3692
-0.51828,9.091,0.36767,0.985,9.077,0.37718,0.9868,11.03,1,2.3726,13.38,12.25,7.3726
-0.51703,9.0929,0.36724,0.98504,9.0789,0.37671,0.98687,11.008,1,2.376,13.38,12.25,7.376
-0.51578,9.0948,0.36682,0.98507,9.0809,0.37625,0.98694,10.987,1,2.3794,13.38,12.25,7.3794
-0.51454,9.0967,0.36639,0.98511,9.0828,0.37578,0.98701,10.966,1,2.3828,13.38,12.25,7.3828
-0.51329,9.0987,0.36596,0.98515,9.0848,0.37532,0.98708,10.945,1,2.3861,13.38,12.25,7.3861
-0.51204,9.1006,0.36553,0.98518,9.0867,0.37485,0.98715,10.924,1,2.3895,13.38,12.25,7.3895
-0.51079,9.1025,0.36511,0.98522,9.0887,0.37439,0.98723,10.903,1,2.3929,13.38,12.25,7.3929
-0.50955,9.1044,0.36468,0.98525,9.0907,0.37392,0.9873,10.882,1,2.3962,13.38,12.25,7.3962
-0.5083,9.1063,0.36425,0.98529,9.0926,0.37345,0.98737,10.86,1,2.3996,13.38,12.25,7.3996
-0.50705,9.1082,0.36382,0.98532,9.0946,0.37299,0.98744,10.839,1,2.403,13.38,12.25,7.403
-0.50581,9.1101,0.3634,0.98536,9.0965,0.37252,0.98751,10.818,1,2.4064,13.38,12.25,7.4064
-0.50456,9.112,0.36297,0.98539,9.0985,0.37206,0.98758,10.797,1,2.4097,13.38,12.25,7.4097
-0.50331,9.1139,0.36254,0.98543,9.1004,0.37159,0.98765,10.776,1,2.4131,13.38,12.25,7.4131
-0.50206,9.1158,0.36211,0.98547,9.1024,0.37113,0.98772,10.755,1,2.4165,13.38,12.25,7.4165
-0.50082,9.1177,0.36169,0.9855,9.1044,0.37066,0.98779,10.734,1,2.4199,13.38,12.25,7.4199
-0.49957,9.1196,0.36126,0.98554,9.1063,0.3702,0.98787,10.712,1,2.4233,13.38,12.25,7.4233
-0.49832,9.1216,0.36083,0.98557,9.1083,0.36973,0.98794,10.691,1,2.4266,13.38,12.25,7.4266
-0.49708,9.1235,0.3604,0.98561,9.1102,0.36926,0.98801,10.67,1,2.43,13.38,12.25,7.43
-0.49583,9.1254,0.35998,0.98564,9.1122,0.3688,0.98808,10.649,1,2.4334,13.38,12.25,7.4334
-0.49458,9.1273,0.35955,0.98568,9.1141,0.36833,0.98815,10.628,1,2.4367,13.38,12.25,7.4367
-0.49333,9.1292,0.35912,0.98572,9.1161,0.36787,0.98822,10.607,1,2.4401,13.38,12.25,7.4401
-0.49209,9.1311,0.35869,0.98575,9.1181,0.3674,0.98829,10.586,1,2.4435,13.38,12.25,7.4435
-0.49084,9.133,0.35827,0.98579,9.12,0.36694,0.98836,10.564,1,2.4469,13.38,12.25,7.4469
-0.48959,9.1349,0.35784,0.98582,9.122,0.36647,0.98843,10.543,1,2.4503,13.38,12.25,7.4503
-0.48834,9.1368,0.35741,0.98586,9.1239,0.36601,0.98851,10.522,1,2.4536,13.38,12.25,7.4536
-0.4871,9.1387,0.35698,0.98589,9.1259,0.36554,0.98858,10.501,1,2.457,13.38,12.25,7.457
-0.48585,9.1406,0.35656,0.98593,9.1278,0.36507,0.98865,10.48,1,2.4604,13.38,12.25,7.4604
-0.4846,9.1425,0.35613,0.98596,9.1298,0.36461,0.98872,10.459,1,2.4637,13.38,12.25,7.4637
-0.48336,9.1444,0.3557,0.986,9.1318,0.36414,0.98879,10.438,1,2.4671,13.38,12.25,7.4671
-0.48211,9.1464,0.35527,0.98604,9.1337,0.36368,0.98886,10.416,1,2.4705,13.38,12.25,7.4705
-0.48086,9.1483,0.35485,0.98607,9.1357,0.36321,0.98893,10.395,1,2.4739,13.38,12.25,7.4739
-0.47961,9.1502,0.35442,0.98611,9.1376,0.36275,0.989,10.374,1,2.4773,13.38,12.25,7.4773
-0.47837,9.1521,0.35399,0.98614,9.1396,0.36228,0.98907,10.353,1,2.4806,13.38,12.25,7.4806
-0.47712,9.154,0.35356,0.98618,9.1415,0.36181,0.98915,10.332,1,2.484,13.38,12.25,7.484
-0.47587,9.1559,0.35314,0.98621,9.1435,0.36135,0.98922,10.311,1,2.4874,13.38,12.25,7.4874
-0.47463,9.1578,0.35271,0.98625,9.1455,0.36088,0.98929,10.289,1,2.4907,13.38,12.25,7.4907
-0.47338,9.1597,0.35228,0.98628,9.1474,0.36042,0.98936,10.268,1,2.4941,13.38,12.25,7.4941
-0.47213,9.1616,0.35185,0.98632,9.1494,0.35995,0.98943,10.247,1,2.4975,13.38,12.25,7.4975
-0.47088,9.1635,0.35143,0.98636,9.1513,0.35949,0.9895,10.226,1,2.5009,13.38,12.25,7.5009
-0.46964,9.1654,0.351,0.98639,9.1533,0.35902,0.98957,10.205,1,2.5043,13.38,12.25,7.5043
-0.46839,9.1673,0.35057,0.98643,9.1552,0.35856,0.98964,10.184,1,2.5076,13.38,12.25,7.5076
-0.46714,9.1693,0.35014,0.98646,9.1572,0.35809,0.98971,10.163,1,2.511,13.38,12.25,7.511
-0.4659,9.1712,0.34972,0.9865,9.1592,0.35762,0.98979,10.141,1,2.5144,13.38,12.25,7.5144
-0.46465,9.1731,0.34929,0.98653,9.1611,0.35716,0.98986,10.12,1,2.5177,13.38,12.25,7.5177
-0.4634,9.175,0.34886,0.98657,9.1631,0.35669,0.98993,10.099,1,2.5211,13.38,12.25,7.5211
-0.46215,9.1769,0.34843,0.98661,9.165,0.35623,0.99,10.078,1,2.5245,13.38,12.25,7.5245
-0.46091,9.1788,0.34801,0.98664,9.167,0.35576,0.99007,10.057,1,2.5279,13.38,12.25,7.5279
-0.45966,9.1807,0.34758,0.98668,9.1689,0.3553,0.99014,10.036,1,2.5312,13.38,12.25,7.5312
-0.45841,9.1826,0.34715,0.98671,9.1709,0.35483,0.99021,10.015,1,2.5346,13.38,12.25,7.5346
-0.45717,9.1845,0.34672,0.98675,9.1729,0.35437,0.99028,9.9934,1,2.538,13.38,12.25,7.538
-0.45592,9.1864,0.3463,0.98678,9.1748,0.3539,0.99035,9.9723,1,2.5414,13.38,12.25,7.5414
-0.45468,9.1884,0.34593,0.98685,9.1768,0.35351,0.99045,9.9514,1,2.5448,13.38,12.25,7.5448
-0.45345,9.1904,0.34558,0.98692,9.1789,0.35312,0.99055,9.9306,1,2.5481,13.38,12.25,7.5481
-0.45221,9.1923,0.34522,0.98699,9.1809,0.35273,0.99065,9.9098,1,2.5515,13.38,12.25,7.5515
-0.45098,9.1943,0.34486,0.98705,9.1829,0.35234,0.99075,9.889,1,2.5549,13.38,12.25,7.5549
-0.44974,9.1963,0.34451,0.98712,9.185,0.35195,0.99085,9.8681,1,2.5582,13.38,12.25,7.5582
-0.44853,9.1981,0.3441,0.98705,9.1869,0.35152,0.9908,9.8483,1,2.5616,13.38,12.25,7.5616
-0.44734,9.1999,0.34365,0.98681,9.1887,0.35103,0.99058,9.8295,1,2.565,13.38,12.25,7.565
-0.44615,9.2017,0.34319,0.98658,9.1905,0.35054,0.99036,9.8106,1,2.5684,13.38,12.25,7.5684
-0.44496,9.2034,0.34273,0.98635,9.1923,0.35005,0.99013,9.7918,1,2.5718,13.38,12.25,7.5718
-0.44377,9.2052,0.34228,0.98612,9.1942,0.34957,0.98991,9.773,1,2.5751,13.38,12.25,7.5751
-0.44258,9.207,0.34182,0.98588,9.196,0.34908,0.98969,9.7542,1,2.5785,13.38,12.25,7.5785
-0.44139,9.2088,0.34137,0.98565,9.1978,0.34859,0.98947,9.7353,1,2.5819,13.38,12.25,7.5819
-0.44019,9.2105,0.34091,0.98542,9.1996,0.3481,0.98925,9.7165,1,2.5852,13.38,12.25,7.5852
-0.439,9.2123,0.34045,0.98518,9.2014,0.34761,0.98903,9.6977,1,2.5886,13.38,12.25,7.5886
-0.43781,9.2141,0.34,0.98495,9.2033,0.34713,0.98881,9.6789,1,2.592,13.38,12.25,7.592
-0.43662,9.2158,0.33954,0.98472,9.2051,0.34664,0.98859,9.66,1,2.5954,13.38,12.25,7.5954
-0.43543,9.2176,0.33908,0.98449,9.2069,0.34615,0.98836,9.6412,1,2.5988,13.38,12.25,7.5988
-0.43424,9.2194,0.33863,0.98425,9.2087,0.34566,0.98814,9.6224,1,2.6021,13.38,12.25,7.6021
-0.43305,9.2211,0.33817,0.98402,9.2105,0.34518,0.98792,9.6036,1,2.6055,13.38,12.25,7.6055
-0.43186,9.2229,0.33771,0.98379,9.2123,0.34469,0.9877,9.5847,1,2.6089,13.38,12.25,7.6089
-0.43067,9.2247,0.33726,0.98355,9.2142,0.3442,0.98748,9.5659,1,2.6122,13.38,12.25,7.6122
-0.42948,9.2265,0.3368,0.98332,9.216,0.34371,0.98726,9.5471,1,2.6156,13.38,12.25,7.6156
-0.42829,9.2282,0.33635,0.98309,9.2178,0.34323,0.98704,9.5283,1,2.619,13.38,12.25,7.619
-0.4271,9.23,0.33589,0.98286,9.2196,0.34274,0.98682,9.5094,1,2.6224,13.38,12.25,7.6224
-0.42591,9.2318,0.33543,0.98262,9.2214,0.34225,0.9866,9.4906,1,2.6258,13.38,12.25,7.6258
-0.42472,9.2335,0.33498,0.98239,9.2233,0.34176,0.98637,9.4718,1,2.6291,13.38,12.25,7.6291
-0.42353,9.2353,0.33452,0.98216,9.2251,0.34127,0.98615,9.453,1,2.6325,13.38,12.25,7.6325
-0.42234,9.2371,0.33406,0.98193,9.2269,0.34079,0.98593,9.4341,1,2.6359,13.38,12.25,7.6359
-0.42114,9.2388,0.33361,0.98169,9.2287,0.3403,0.98571,9.4153,1,2.6392,13.38,12.25,7.6392
-0.41995,9.2406,0.33315,0.98146,9.2305,0.33981,0.98549,9.3965,1,2.6426,13.38,12.25,7.6426
-0.41876,9.2424,0.3327,0.98123,9.2323,0.33932,0.98527,9.3777,1,2.646,13.38,12.25,7.646
-0.41757,9.2441,0.33224,0.98099,9.2342,0.33884,0.98505,9.3588,1,2.6494,13.38,12.25,7.6494
-0.41638,9.2459,0.33178,0.98076,9.236,0.33835,0.98483,9.34,1,2.6528,13.38,12.25,7.6528
-0.41519,9.2477,0.33133,0.98053,9.2378,0.33786,0.98461,9.3212,1,2.6561,13.38,12.25,7.6561
-0.414,9.2495,0.33087,0.9803,9.2396,0.33737,0.98438,9.3024,1,2.6595,13.38,12.25,7.6595
-0.41281,9.2512,0.33041,0.98006,9.2414,0.33688,0.98416,9.2835,1,2.6629,13.38,12.25,7.6629
-0.41162,9.253,0.32996,0.97983,9.2433,0.3364,0.98394,9.2647,1,2.6663,13.38,12.25,7.6663
-0.41043,9.2548,0.3295,0.9796,9.2451,0.33591,0.98372,9.2459,1,2.6696,13.38,12.25,7.6696
-0.40924,9.2565,0.32904,0.97936,9.2469,0.33542,0.9835,9.2271,1,2.673,13.38,12.25,7.673
-0.40805,9.2583,0.32859,0.97913,9.2487,0.33493,0.98328,9.2082,1,2.6764,13.38,12.25,7.6764
-0.40686,9.2601,0.32813,0.9789,9.2505,0.33445,0.98306,9.1894,1,2.6797,13.38,12.25,7.6797
-0.40567,9.2618,0.32768,0.97867,9.2523,0.33396,0.98284,9.1706,1,2.6831,13.38,12.25,7.6831
-0.40448,9.2636,0.32722,0.97843,9.2542,0.33347,0.98262,9.1518,1,2.6865,13.38,12.25,7.6865
-0.40329,9.2654,0.32676,0.9782,9.256,0.33298,0.98239,9.1329,1,2.6899,13.38,12.25,7.6899
-0.4021,9.2672,0.32631,0.97797,9.2578,0.33249,0.98217,9.1141,1,2.6933,13.38,12.25,7.6933
-0.4009,9.2689,0.32585,0.97774,9.2596,0.33201,0.98195,9.0953,1,2.6966,13.38,12.25,7.6966
-0.39971,9.2707,0.32539,0.9775,9.2614,0.33152,0.98173,9.0765,1,2.7,13.38,12.25,7.7
-0.39852,9.2725,0.32494,0.97727,9.2633,0.33103,0.98151,9.0577,1,2.7034,13.38,12.25,7.7034
-0.39733,9.2742,0.32448,0.97704,9.2651,0.33054,0.98129,9.0388,1,2.7067,13.38,12.25,7.7067
-0.39614,9.276,0.32403,0.9768,9.2669,0.33006,0.98107,9.02,1,2.7101,13.38,12.25,7.7101
-0.39495,9.2778,0.32357,0.97657,9.2687,0.32957,0.98085,9.0012,1,2.7135,13.38,12.25,7.7135
-0.39376,9.2795,0.32311,0.97634,9.2705,0.32908,0.98063,8.9824,1,2.7169,13.38,12.25,7.7169
-0.39257,9.2813,0.32266,0.97611,9.2723,0.32859,0.9804,8.9635,1,2.7203,13.38,12.25,7.7203
-0.39138,9.2831,0.3222,0.97587,9.2742,0.3281,0.98018,8.9447,1,2.7236,13.38,12.25,7.7236
-0.39019,9.2849,0.32174,0.97564,9.276,0.32762,0.97996,8.9259,1,2.727,13.38,12.25,7.727
-0.389,9.2866,0.32129,0.97541,9.2778,0.32713,0.97974,8.9071,1,2.7304,13.38,12.25,7.7304
-0.38781,9.2884,0.32083,0.97517,9.2796,0.32664,0.97952,8.8882,1,2.7337,13.38,12.25,7.7337
-0.38662,9.2902,0.32037,0.97494,9.2814,0.32615,0.9793,8.8694,1,2.7371,13.38,12.25,7.7371
-0.38543,9.2919,0.31992,0.97471,9.2833,0.32567,0.97908,8.8506,1,2.7405,13.38,12.25,7.7405
-0.38424,9.2937,0.31946,0.97448,9.2851,0.32518,0.97886,8.8318,1,2.7439,13.38,12.25,7.7439
-0.38305,9.2955,0.31901,0.97424,9.2869,0.32469,0.97864,8.8129,1,2.7473,13.38,12.25,7.7473
-0.38185,9.2972,0.31855,0.97401,9.2887,0.3242,0.97841,8.7941,1,2.7506,13.38,12.25,7.7506
-0.38066,9.299,0.31809,0.97378,9.2905,0.32371,0.97819,8.7753,1,2.754,13.38,12.25,7.754
-0.37947,9.3008,0.31764,0.97355,9.2923,0.32323,0.97797,8.7565,1,2.7574,13.38,12.25,7.7574
-0.37828,9.3026,0.31718,0.97331,9.2942,0.32274,0.97775,8.7376,1,2.7607,13.38,12.25,7.7607
-0.37709,9.3043,0.31672,0.97308,9.296,0.32225,0.97753,8.7188,1,2.7641,13.38,12.25,7.7641
-0.3759,9.3061,0.31627,0.97285,9.2978,0.32176,0.97731,8.7,1,2.7675,13.38,12.25,7.7675
-0.37471,9.3079,0.31581,0.97261,9.2996,0.32128,0.97709,8.6812,1,2.7709,13.38,12.25,7.7709
-0.37352,9.3096,0.31535,0.97238,9.3014,0.32079,0.97687,8.6623,1,2.7743,13.38,12.25,7.7743
-0.37233,9.3114,0.3149,0.97215,9.3033,0.3203,0.97664,8.6435,1,2.7776,13.38,12.25,7.7776
-0.37114,9.3132,0.31444,0.97192,9.3051,0.31981,0.97642,8.6247,1,2.781,13.38,12.25,7.781
-0.36995,9.3149,0.31399,0.97168,9.3069,0.31932,0.9762,8.6059,1,2.7844,13.38,12.25,7.7844
-0.36876,9.3167,0.31353,0.97145,9.3087,0.31884,0.97598,8.587,1,2.7877,13.38,12.25,7.7877
-0.36755,9.3185,0.31311,0.97122,9.3106,0.31839,0.97576,8.5683,1,2.7911,13.38,12.25,7.7911
-0.36633,9.3204,0.31272,0.971,9.3125,0.31798,0.97555,8.5497,1,2.7945,13.38,12.25,7.7945
-0.36511,9.3222,0.31234,0.97078,9.3144,0.31757,0.97533,8.5311,1,2.7979,13.38,12.25,7.7979
-0.36389,9.324,0.31195,0.97056,9.3163,0.31715,0.97512,8.5124,1,2.8012,13.38,12.25,7.8012
-0.36268,9.3259,0.31156,0.97034,9.3182,0.31674,0.9749,8.4938,1,2.8046,13.38,12.25,7.8046
-0.36148,9.3277,0.31116,0.97008,9.32,0.31632,0.97466,8.4755,1,2.808,13.38,12.25,7.808
-0.36044,9.3293,0.31071,0.96965,9.3216,0.31584,0.97422,8.4593,1,2.8114,13.38,12.25,7.8114
-0.3594,9.3308,0.31025,0.96923,9.3233,0.31536,0.97379,8.443,1,2.8148,13.38,12.25,7.8148
-0.35836,9.3324,0.3098,0.9688,9.3249,0.31488,0.97336,8.4267,1,2.8181,13.38,12.25,7.8181
-0.35731,9.334,0.30934,0.96837,9.3265,0.3144,0.97293,8.4105,1,2.8215,13.38,12.25,7.8215
-0.35627,9.3356,0.30889,0.96794,9.3281,0.31392,0.97249,8.3942,1,2.8249,13.38,12.25,7.8249
-0.35523,9.3372,0.30843,0.96751,9.3298,0.31344,0.97206,8.3779,1,2.8282,13.38,12.25,7.8282
-0.35419,9.3388,0.30798,0.96708,9.3314,0.31297,0.97163,8.3617,1,2.8316,13.38,12.25,7.8316
-0.35315,9.3404,0.30752,0.96665,9.333,0.31249,0.9712,8.3454,1,2.835,13.38,12.25,7.835
-0.3521,9.3419,0.30707,0.96622,9.3346,0.31201,0.97076,8.3291,1,2.8384,13.38,12.25,7.8384
-0.35106,9.3435,0.30662,0.96579,9.3363,0.31153,0.97033,8.3128,1,2.8418,13.38,12.25,7.8418
-0.35002,9.3451,0.30616,0.96536,9.3379,0.31105,0.9699,8.2966,1,2.8451,13.38,12.25,7.8451
-0.34898,9.3467,0.30571,0.96494,9.3395,0.31057,0.96946,8.2803,1,2.8485,13.38,12.25,7.8485
-0.34793,9.3483,0.30525,0.96451,9.3411,0.31009,0.96903,8.264,1,2.8519,13.38,12.25,7.8519
-0.34689,9.3499,0.3048,0.96408,9.3428,0.30961,0.9686,8.2478,1,2.8552,13.38,12.25,7.8552
-0.34585,9.3515,0.30434,0.96365,9.3444,0.30914,0.96817,8.2315,1,2.8586,13.38,12.25,7.8586
-0.34481,9.353,0.30389,0.96322,9.346,0.30866,0.96773,8.2152,1,2.862,13.38,12.25,7.862
-0.34377,9.3546,0.30343,0.96279,9.3476,0.30818,0.9673,8.1989,1,2.8654,13.38,12.25,7.8654
-0.34272,9.3562,0.30298,0.96236,9.3493,0.3077,0.96687,8.1827,1,2.8688,13.38,12.25,7.8688
-0.34168,9.3578,0.30252,0.96193,9.3509,0.30722,0.96644,8.1664,1,2.8721,13.38,12.25,7.8721
-0.34064,9.3594,0.30207,0.9615,9.3525,0.30674,0.966,8.1501,1,2.8755,13.38,12.25,7.8755
-0.3396,9.361,0.30161,0.96107,9.3541,0.30626,0.96557,8.1339,1,2.8789,13.38,12.25,7.8789
-0.33855,9.3626,0.30116,0.96064,9.3558,0.30579,0.96514,8.1176,1,2.8822,13.38,12.25,7.8822
-0.33751,9.3641,0.3007,0.96022,9.3574,0.30531,0.96471,8.1013,1,2.8856,13.38,12.25,7.8856
-0.33647,9.3657,0.30025,0.95979,9.359,0.30483,0.96427,8.085,1,2.889,13.38,12.25,7.889
-0.33543,9.3673,0.29979,0.95936,9.3606,0.30435,0.96384,8.0688,1,2.8924,13.38,12.25,7.8924
-0.33439,9.3689,0.29934,0.95893,9.3623,0.30387,0.96341,8.0525,1,2.8958,13.38,12.25,7.8958
-0.33334,9.3705,0.29888,0.9585,9.3639,0.30339,0.96298,8.0362,1,2.8991,13.38,12.25,7.8991
-0.3323,9.3721,0.29843,0.95807,9.3655,0.30291,0.96254,8.02,1,2.9025,13.38,12.25,7.9025
-0.33126,9.3737,0.29797,0.95764,9.3671,0.30243,0.96211,8.0037,1,2.9059,13.38,12.25,7.9059
-0.33022,9.3752,0.29752,0.95721,9.3688,0.30196,0.96168,7.9874,1,2.9092,13.38,12.25,7.9092
-0.32917,9.3768,0.29706,0.95678,9.3704,0.30148,0.96124,7.9712,1,2.9126,13.38,12.25,7.9126
-0.32813,9.3784,0.29661,0.95635,9.372,0.301,0.96081,7.9549,1,2.916,13.38,12.25,7.916
-0.32709,9.38,0.29615,0.95593,9.3736,0.30052,0.96038,7.9386,1,2.9194,13.38,12.25,7.9194
-0.32605,9.3816,0.2957,0.9555,9.3753,0.30004,0.95995,7.9223,1,2.9227,13.38,12.25,7.9227
-0.32501,9.3832,0.29525,0.95507,9.3769,0.29956,0.95951,7.9061,1,2.9261,13.38,12.25,7.9261
-0.32396,9.3848,0.29479,0.95464,9.3785,0.29908,0.95908,7.8898,1,2.9295,13.38,12.25,7.9295
-0.32292,9.3863,0.29434,0.95421,9.3801,0.2986,0.95865,7.8735,1,2.9329,13.38,12.25,7.9329
-0.32188,9.3879,0.29388,0.95378,9.3818,0.29813,0.95822,7.8573,1,2.9363,13.38,12.25,7.9363
-0.32084,9.3895,0.29343,0.95335,9.3834,0.29765,0.95778,7.841,1,2.9396,13.38,12.25,7.9396
-0.31979,9.3911,0.29297,0.95292,9.385,0.29717,0.95735,7.8247,1,2.943,13.38,12.25,7.943
-0.31875,9.3927,0.29252,0.95249,9.3866,0.29669,0.95692,7.8084,1,2.9464,13.38,12.25,7.9464
-0.31771,9.3943,0.29206,0.95206,9.3883,0.29621,0.95649,7.7922,1,2.9497,13.38,12.25,7.9497
-0.31667,9.3958,0.29161,0.95163,9.3899,0.29573,0.95605,7.7759,1,2.9531,13.38,12.25,7.9531
-0.31562,9.3974,0.29115,0.95121,9.3915,0.29525,0.95562,7.7596,1,2.9565,13.38,12.25,7.9565
-0.31458,9.399,0.2907,0.95078,9.3931,0.29478,0.95519,7.7434,1,2.9599,13.38,12.25,7.9599
-0.31354,9.4006,0.29024,0.95035,9.3948,0.2943,0.95476,7.7271,1,2.9633,13.38,12.25,7.9633
-0.3125,9.4022,0.28979,0.94992,9.3964,0.29382,0.95432,7.7108,1,2.9666,13.38,12.25,7.9666
-0.31146,9.4038,0.28933,0.94949,9.398,0.29334,0.95389,7.6945,1,2.97,13.38,12.25,7.97
-0.31041,9.4054,0.28888,0.94906,9.3996,0.29286,0.95346,7.6783,1,2.9734,13.38,12.25,7.9734
-0.30937,9.4069,0.28842,0.94863,9.4013,0.29238,0.95302,7.662,1,2.9767,13.38,12.25,7.9767
-0.30833,9.4085,0.28797,0.9482,9.4029,0.2919,0.95259,7.6457,1,2.9801,13.38,12.25,7.9801
-0.30729,9.4101,0.28751,0.94777,9.4045,0.29142,0.95216,7.6295,1,2.9835,13.38,12.25,7.9835
-0.30624,9.4117,0.28706,0.94734,9.4061,0.29095,0.95173,7.6132,1,2.9869,13.38,12.25,7.9869
-0.3052,9.4133,0.2866,0.94692,9.4078,0.29047,0.95129,7.5969,1,2.9903,13.38,12.25,7.9903
-0.30416,9.4149,0.28615,0.94649,9.4094,0.28999,0.95086,7.5807,1,2.9936,13.38,12.25,7.9936
-0.30312,9.4165,0.28569,0.94606,9.411,0.28951,0.95043,7.5644,1,2.997,13.38,12.25,7.997
-0.30208,9.418,0.28524,0.94563,9.4126,0.28903,0.95,7.5481,1,3.0004,13.38,12.25,8.0004
-0.30103,9.4196,0.28479,0.9452,9.4143,0.28855,0.94956,7.5318,1,3.0037,13.38,12.25,8.0037
-0.29999,9.4212,0.28433,0.94477,9.4159,0.28807,0.94913,7.5156,1,3.0071,13.38,12.25,8.0071
-0.29895,9.4228,0.28388,0.94434,9.4175,0.28759,0.9487,7.4993,1,3.0105,13.38,12.25,8.0105
-0.29791,9.4244,0.28342,0.94391,9.4191,0.28712,0.94827,7.483,1,3.0139,13.38,12.25,8.0139
-0.29686,9.426,0.28297,0.94348,9.4208,0.28664,0.94783,7.4668,1,3.0173,13.38,12.25,8.0173
-0.29582,9.4276,0.28251,0.94305,9.4224,0.28616,0.9474,7.4505,1,3.0206,13.38,12.25,8.0206
-0.29478,9.4291,0.28206,0.94262,9.424,0.28568,0.94697,7.4342,1,3.024,13.38,12.25,8.024
-0.29374,9.4307,0.2816,0.9422,9.4256,0.2852,0.94653,7.4179,1,3.0274,13.38,12.25,8.0274
-0.2927,9.4323,0.28115,0.94177,9.4273,0.28472,0.9461,7.4017,1,3.0308,13.38,12.25,8.0308
-0.29165,9.4339,0.28069,0.94134,9.4289,0.28424,0.94567,7.3854,1,3.0341,13.38,12.25,8.0341
-0.2906,9.4355,0.28025,0.94091,9.4305,0.28378,0.94523,7.3691,1,3.0375,13.38,12.25,8.0375
-0.28951,9.4372,0.27986,0.94047,9.4322,0.28337,0.94479,7.353,1,3.0409,13.38,12.25,8.0409
-0.28843,9.4388,0.27947,0.94004,9.4339,0.28296,0.94435,7.3368,1,3.0442,13.38,12.25,8.0442
-0.28734,9.4405,0.27908,0.9396,9.4356,0.28255,0.9439,7.3206,1,3.0476,13.38,12.25,8.0476
-0.28626,9.4421,0.27869,0.93916,9.4373,0.28215,0.94346,7.3044,1,3.051,13.38,12.25,8.051
-0.28517,9.4438,0.2783,0.93873,9.439,0.28174,0.94302,7.2882,1,3.0544,13.38,12.25,8.0544
-0.28427,9.4452,0.27788,0.93819,9.4405,0.28129,0.94247,7.2739,1,3.0577,13.38,12.25,8.0577
-0.28341,9.4466,0.27744,0.93764,9.4419,0.28085,0.9419,7.2601,1,3.0611,13.38,12.25,8.0611
-0.28254,9.448,0.27701,0.93708,9.4433,0.2804,0.94133,7.2463,1,3.0645,13.38,12.25,8.0645
-0.28168,9.4494,0.27658,0.93652,9.4447,0.27995,0.94077,7.2324,1,3.0679,13.38,12.25,8.0679
-0.28082,9.4507,0.27615,0.93596,9.4462,0.2795,0.9402,7.2186,1,3.0712,13.38,12.25,8.0712
-0.27996,9.4521,0.27571,0.93541,9.4476,0.27905,0.93963,7.2048,1,3.0746,13.38,12.25,8.0746
-0.2791,9.4535,0.27528,0.93485,9.449,0.2786,0.93906,7.1909,1,3.078,13.38,12.25,8.078
-0.27824,9.4549,0.27485,0.93429,9.4504,0.27815,0.93849,7.1771,1,3.0814,13.38,12.25,8.0814
-0.27737,9.4563,0.27442,0.93374,9.4518,0.2777,0.93792,7.1633,1,3.0848,13.38,12.25,8.0848
-0.27651,9.4577,0.27399,0.93318,9.4532,0.27725,0.93736,7.1494,1,3.0881,13.38,12.25,8.0881
-0.27565,9.4591,0.27355,0.93262,9.4546,0.2768,0.93679,7.1356,1,3.0915,13.38,12.25,8.0915
-0.27479,9.4604,0.27312,0.93206,9.4561,0.27635,0.93622,7.1218,1,3.0949,13.38,12.25,8.0949
-0.27393,9.4618,0.27269,0.93151,9.4575,0.2759,0.93565,7.1079,1,3.0983,13.38,12.25,8.0983
-0.27307,9.4632,0.27226,0.93095,9.4589,0.27545,0.93508,7.0941,1,3.1016,13.38,12.25,8.1016
-0.2722,9.4646,0.27182,0.93039,9.4603,0.275,0.93452,7.0802,1,3.105,13.38,12.25,8.105
-0.27134,9.466,0.27139,0.92983,9.4617,0.27455,0.93395,7.0664,1,3.1084,13.38,12.25,8.1084
-0.27048,9.4674,0.27096,0.92928,9.4631,0.2741,0.93338,7.0526,1,3.1117,13.38,12.25,8.1117
-0.26962,9.4688,0.27053,0.92872,9.4646,0.27366,0.93281,7.0387,1,3.1151,13.38,12.25,8.1151
-0.26876,9.4702,0.2701,0.92816,9.466,0.27321,0.93224,7.0249,1,3.1185,13.38,12.25,8.1185
-0.2679,9.4715,0.26966,0.92761,9.4674,0.27276,0.93167,7.0111,1,3.1219,13.38,12.25,8.1219
-0.26703,9.4729,0.26923,0.92705,9.4688,0.27231,0.93111,6.9972,1,3.1252,13.38,12.25,8.1252
-0.26617,9.4743,0.2688,0.92649,9.4702,0.27186,0.93054,6.9834,1,3.1286,13.38,12.25,8.1286
-0.26531,9.4757,0.26837,0.92593,9.4716,0.27141,0.92997,6.9696,1,3.132,13.38,12.25,8.132
-0.26445,9.4771,0.26793,0.92538,9.473,0.27096,0.9294,6.9557,1,3.1354,13.38,12.25,8.1354
-0.26359,9.4785,0.2675,0.92482,9.4745,0.27051,0.92883,6.9419,1,3.1388,13.38,12.25,8.1388
-0.26273,9.4799,0.26707,0.92426,9.4759,0.27006,0.92826,6.9281,1,3.1421,13.38,12.25,8.1421
-0.26186,9.4812,0.26664,0.9237,9.4773,0.26961,0.9277,6.9142,1,3.1455,13.38,12.25,8.1455
-0.261,9.4826,0.2662,0.92315,9.4787,0.26916,0.92713,6.9004,1,3.1489,13.38,12.25,8.1489
-0.26014,9.484,0.26577,0.92259,9.4801,0.26871,0.92656,6.8865,1,3.1523,13.38,12.25,8.1523
-0.25928,9.4854,0.26534,0.92203,9.4815,0.26826,0.92599,6.8727,1,3.1556,13.38,12.25,8.1556
-0.25842,9.4868,0.26491,0.92147,9.4829,0.26781,0.92542,6.8589,1,3.159,13.38,12.25,8.159
-0.25756,9.4882,0.26448,0.92092,9.4844,0.26736,0.92486,6.845,1,3.1624,13.38,12.25,8.1624
-0.2567,9.4896,0.26404,0.92036,9.4858,0.26691,0.92429,6.8312,1,3.1657,13.38,12.25,8.1657
-0.25583,9.4909,0.26361,0.9198,9.4872,0.26647,0.92372,6.8174,1,3.1691,13.38,12.25,8.1691
-0.25497,9.4923,0.26318,0.91925,9.4886,0.26602,0.92315,6.8035,1,3.1725,13.38,12.25,8.1725
-0.25411,9.4937,0.26275,0.91869,9.49,0.26557,0.92258,6.7897,1,3.1759,13.38,12.25,8.1759
-0.25325,9.4951,0.26231,0.91813,9.4914,0.26512,0.92201,6.7759,1,3.1792,13.38,12.25,8.1792
-0.25239,9.4965,0.26188,0.91757,9.4928,0.26467,0.92145,6.762,1,3.1826,13.38,12.25,8.1826
-0.25153,9.4979,0.26145,0.91702,9.4943,0.26422,0.92088,6.7482,1,3.186,13.38,12.25,8.186
-0.25066,9.4993,0.26102,0.91646,9.4957,0.26377,0.92031,6.7344,1,3.1894,13.38,12.25,8.1894
-0.2498,9.5006,0.26059,0.9159,9.4971,0.26332,0.91974,6.7205,1,3.1927,13.38,12.25,8.1927
-0.24894,9.502,0.26015,0.91534,9.4985,0.26287,0.91917,6.7067,1,3.1961,13.38,12.25,8.1961
-0.24808,9.5034,0.25972,0.91479,9.4999,0.26242,0.91861,6.6928,1,3.1995,13.38,12.25,8.1995
-0.24722,9.5048,0.25929,0.91423,9.5013,0.26197,0.91804,6.679,1,3.2029,13.38,12.25,8.2029
-0.24636,9.5062,0.25886,0.91367,9.5028,0.26152,0.91747,6.6652,1,3.2063,13.38,12.25,8.2063
-0.24549,9.5076,0.25842,0.91311,9.5042,0.26107,0.9169,6.6513,1,3.2096,13.38,12.25,8.2096
-0.24463,9.509,0.25799,0.91256,9.5056,0.26062,0.91633,6.6375,1,3.213,13.38,12.25,8.213
-0.24377,9.5103,0.25756,0.912,9.507,0.26017,0.91576,6.6237,1,3.2164,13.38,12.25,8.2164
-0.24291,9.5117,0.25713,0.91144,9.5084,0.25972,0.9152,6.6098,1,3.2198,13.38,12.25,8.2198
-0.24205,9.5131,0.25669,0.91089,9.5098,0.25928,0.91463,6.596,1,3.2231,13.38,12.25,8.2231
-0.24119,9.5145,0.25626,0.91033,9.5112,0.25883,0.91406,6.5822,1,3.2265,13.38,12.25,8.2265
-0.24032,9.5159,0.25583,0.90977,9.5127,0.25838,0.91349,6.5683,1,3.2299,13.38,12.25,8.2299
-0.23946,9.5173,0.2554,0.90921,9.5141,0.25793,0.91292,6.5545,1,3.2332,13.38,12.25,8.2332
-0.2386,9.5187,0.25497,0.90866,9.5155,0.25748,0.91235,6.5407,1,3.2366,13.38,12.25,8.2366
-0.23774,9.5201,0.25453,0.9081,9.5169,0.25703,0.91179,6.5268,1,3.24,13.38,12.25,8.24
-0.23688,9.5214,0.2541,0.90754,9.5183,0.25658,0.91122,6.513,1,3.2434,13.38,12.25,8.2434
-0.23602,9.5228,0.25367,0.90698,9.5197,0.25613,0.91065,6.4992,1,3.2467,13.38,12.25,8.2467
-0.23515,9.5242,0.25324,0.90643,9.5211,0.25568,0.91008,6.4853,1,3.2501,13.38,12.25,8.2501
-0.23429,9.5256,0.2528,0.90587,9.5226,0.25523,0.90951,6.4715,1,3.2535,13.38,12.25,8.2535
-0.23343,9.527,0.25237,0.90531,9.524,0.25478,0.90895,6.4576,1,3.2569,13.38,12.25,8.2569
-0.23257,9.5284,0.25194,0.90475,9.5254,0.25433,0.90838,6.4438,1,3.2603,13.38,12.25,8.2603
-0.23171,9.5298,0.25151,0.9042,9.5268,0.25388,0.90781,6.43,1,3.2636,13.38,12.25,8.2636
-0.23085,9.5311,0.25108,0.90364,9.5282,0.25343,0.90724,6.4161,1,3.267,13.38,12.25,8.267
-0.22998,9.5325,0.25064,0.90308,9.5296,0.25298,0.90667,6.4023,1,3.2704,13.38,12.25,8.2704
-0.22912,9.5339,0.25021,0.90253,9.531,0.25254,0.9061,6.3885,1,3.2738,13.38,12.25,8.2738
-0.22826,9.5353,0.24978,0.90197,9.5325,0.25209,0.90554,6.3746,1,3.2771,13.38,12.25,8.2771
-0.2274,9.5367,0.24935,0.90141,9.5339,0.25164,0.90497,6.3608,1,3.2805,13.38,12.25,8.2805
-0.22654,9.5381,0.24891,0.90085,9.5353,0.25119,0.9044,6.347,1,3.2839,13.38,12.25,8.2839
-0.22564,9.5395,0.24854,0.90028,9.5368,0.2508,0.90381,6.3331,1,3.2872,13.38,12.25,8.2872
-0.22473,9.541,0.24816,0.89971,9.5382,0.25041,0.90322,6.3193,1,3.2906,13.38,12.25,8.2906
-0.22382,9.5424,0.24779,0.89913,9.5397,0.25002,0.90263,6.3055,1,3.294,13.38,12.25,8.294
-0.22292,9.5438,0.24742,0.89856,9.5412,0.24964,0.90204,6.2916,1,3.2974,13.38,12.25,8.2974
-0.22201,9.5453,0.24704,0.89798,9.5427,0.24925,0.90145,6.2778,1,3.3007,13.38,12.25,8.3007
-0.22121,9.5466,0.24666,0.89738,9.544,0.24886,0.90084,6.265,1,3.3041,13.38,12.25,8.3041
-0.22052,9.5478,0.24626,0.89675,9.5452,0.24845,0.90019,6.2533,1,3.3075,13.38,12.25,8.3075
-0.21984,9.549,0.24586,0.89612,9.5465,0.24804,0.89955,6.2416,1,3.3109,13.38,12.25,8.3109
-0.21915,9.5502,0.24547,0.89549,9.5477,0.24763,0.89891,6.23,1,3.3142,13.38,12.25,8.3142
-0.21846,9.5514,0.24507,0.89486,9.5489,0.24722,0.89827,6.2183,1,3.3176,13.38,12.25,8.3176
-0.21777,9.5526,0.24467,0.89423,9.5501,0.24681,0.89762,6.2066,1,3.321,13.38,12.25,8.321
-0.21709,9.5538,0.24427,0.8936,9.5513,0.2464,0.89698,6.195,1,3.3244,13.38,12.25,8.3244
-0.2164,9.555,0.24388,0.89297,9.5525,0.24599,0.89634,6.1833,1,3.3278,13.38,12.25,8.3278
-0.21571,9.5562,0.24348,0.89234,9.5537,0.24558,0.89569,6.1716,1,3.3311,13.38,12.25,8.3311
-0.21503,9.5573,0.24308,0.89171,9.5549,0.24517,0.89505,6.16,1,3.3345,13.38,12.25,8.3345
-0.21434,9.5585,0.24268,0.89108,9.5561,0.24476,0.89441,6.1483,1,3.3379,13.38,12.25,8.3379
-0.21365,9.5597,0.24229,0.89045,9.5574,0.24435,0.89377,6.1366,1,3.3413,13.38,12.25,8.3413
-0.21296,9.5609,0.24189,0.88982,9.5586,0.24394,0.89312,6.1249,1,3.3446,13.38,12.25,8.3446
-0.21228,9.5621,0.24149,0.88919,9.5598,0.24353,0.89248,6.1133,1,3.348,13.38,12.25,8.348
-0.21159,9.5633,0.24109,0.88856,9.561,0.24312,0.89184,6.1016,1,3.3514,13.38,12.25,8.3514
-0.2109,9.5645,0.24069,0.88793,9.5622,0.24271,0.89119,6.0899,1,3.3547,13.38,12.25,8.3547
-0.21022,9.5657,0.2403,0.8873,9.5634,0.24231,0.89055,6.0783,1,3.3581,13.38,12.25,8.3581
-0.20953,9.5669,0.2399,0.88667,9.5646,0.2419,0.88991,6.0666,1,3.3615,13.38,12.25,8.3615
-0.20884,9.5681,0.2395,0.88604,9.5658,0.24149,0.88927,6.0549,1,3.3649,13.38,12.25,8.3649
-0.20815,9.5693,0.2391,0.88541,9.567,0.24108,0.88862,6.0433,1,3.3682,13.38,12.25,8.3682
-0.20747,9.5705,0.23871,0.88478,9.5683,0.24067,0.88798,6.0316,1,3.3716,13.38,12.25,8.3716
-0.20678,9.5717,0.23831,0.88415,9.5695,0.24026,0.88734,6.0199,1,3.375,13.38,12.25,8.375
