"U:0","U:1","U:2","UMean:0","UMean:1","UMean:2","p","vtkValidPointMask","arc_length","Points:0","Points:1","Points:2"
9.758,0.065727,0.1839,9.7581,0.065567,0.18357,4.3367,1,0,10.68,12.25,6.845
9.757,0.066053,0.18453,9.7571,0.065892,0.1842,4.3461,1,0.010035,10.69,12.25,6.845
9.756,0.066379,0.18516,9.7561,0.066216,0.18483,4.3555,1,0.02007,10.7,12.25,6.845
9.7551,0.066705,0.18579,9.7551,0.066541,0.18546,4.3649,1,0.030105,10.71,12.25,6.845
9.7541,0.067031,0.18642,9.7541,0.066865,0.18608,4.3744,1,0.04014,10.72,12.25,6.845
9.7531,0.067357,0.18705,9.7531,0.06719,0.18671,4.3838,1,0.050175,10.73,12.25,6.845
9.7521,0.067683,0.18768,9.7521,0.067514,0.18734,4.3932,1,0.060209,10.74,12.25,6.845
9.7511,0.067977,0.18832,9.7511,0.067806,0.18798,4.4028,1,0.070245,10.75,12.25,6.845
9.75,0.068267,0.18896,9.75,0.068094,0.18861,4.4124,1,0.080279,10.76,12.25,6.845
9.749,0.068557,0.18959,9.749,0.068382,0.18925,4.422,1,0.090315,10.77,12.25,6.845
9.748,0.068847,0.19023,9.748,0.06867,0.18989,4.4317,1,0.10035,10.78,12.25,6.845
9.7469,0.069196,0.19091,9.7469,0.069017,0.19056,4.4416,1,0.11038,10.79,12.25,6.845
9.7459,0.069548,0.19158,9.7459,0.069367,0.19123,4.4516,1,0.12042,10.8,12.25,6.845
9.7448,0.0699,0.19225,9.7448,0.069717,0.1919,4.4616,1,0.13046,10.81,12.25,6.845
9.7438,0.070252,0.19293,9.7438,0.070067,0.19258,4.4715,1,0.14049,10.82,12.25,6.845
9.7427,0.070604,0.1936,9.7427,0.070417,0.19325,4.4815,1,0.15053,10.831,12.25,6.845
9.7417,0.070955,0.19428,9.7417,0.070767,0.19392,4.4915,1,0.16056,10.841,12.25,6.845
9.7406,0.071307,0.19495,9.7406,0.071117,0.1946,4.5014,1,0.1706,10.851,12.25,6.845
9.7396,0.071659,0.19563,9.7395,0.071467,0.19527,4.5114,1,0.18063,10.861,12.25,6.845
9.7385,0.072008,0.1963,9.7385,0.071814,0.19594,4.5214,1,0.19066,10.871,12.25,6.845
9.7374,0.072321,0.19698,9.7374,0.072124,0.19662,4.5316,1,0.2007,10.881,12.25,6.845
9.7364,0.072634,0.19767,9.7363,0.072435,0.19731,4.5417,1,0.21073,10.891,12.25,6.845
9.7353,0.072947,0.19835,9.7352,0.072746,0.19799,4.5519,1,0.22077,10.901,12.25,6.845
9.7342,0.073282,0.19905,9.7341,0.073078,0.19868,4.5622,1,0.2308,10.911,12.25,6.845
9.7331,0.073661,0.19977,9.733,0.073455,0.1994,4.5727,1,0.24084,10.921,12.25,6.845
9.732,0.074039,0.20049,9.7319,0.073831,0.20012,4.5832,1,0.25087,10.931,12.25,6.845
9.7308,0.074418,0.20121,9.7308,0.074207,0.20084,4.5937,1,0.26091,10.941,12.25,6.845
9.7297,0.074796,0.20193,9.7297,0.074584,0.20156,4.6042,1,0.27094,10.951,12.25,6.845
9.7286,0.075174,0.20265,9.7285,0.07496,0.20228,4.6148,1,0.28098,10.961,12.25,6.845
9.7275,0.075553,0.20337,9.7274,0.075336,0.203,4.6253,1,0.29101,10.971,12.25,6.845
9.7264,0.075931,0.20409,9.7263,0.075712,0.20372,4.6358,1,0.30105,10.981,12.25,6.845
9.7253,0.07631,0.20481,9.7252,0.076089,0.20444,4.6463,1,0.31108,10.991,12.25,6.845
9.7241,0.076651,0.20554,9.724,0.076427,0.20516,4.657,1,0.32112,11.001,12.25,6.845
9.723,0.076988,0.20627,9.7229,0.076761,0.20589,4.6677,1,0.33115,11.011,12.25,6.845
9.7218,0.077325,0.207,9.7217,0.077095,0.20662,4.6785,1,0.34119,11.021,12.25,6.845
9.7207,0.077686,0.20775,9.7206,0.077454,0.20737,4.6893,1,0.35122,11.031,12.25,6.845
9.7195,0.078093,0.20852,9.7194,0.077858,0.20813,4.7004,1,0.36126,11.041,12.25,6.845
9.7183,0.078499,0.20929,9.7182,0.078261,0.2089,4.7114,1,0.37129,11.051,12.25,6.845
9.7171,0.078905,0.21005,9.717,0.078664,0.20967,4.7225,1,0.38133,11.061,12.25,6.845
9.7159,0.079311,0.21082,9.7158,0.079068,0.21043,4.7336,1,0.39137,11.071,12.25,6.845
9.7147,0.079717,0.21159,9.7146,0.079471,0.2112,4.7446,1,0.4014,11.081,12.25,6.845
9.7135,0.080123,0.21236,9.7134,0.079875,0.21197,4.7557,1,0.41144,11.091,12.25,6.845
9.7123,0.080529,0.21313,9.7122,0.080278,0.21274,4.7668,1,0.42147,11.101,12.25,6.845
9.7111,0.080919,0.2139,9.711,0.080666,0.21351,4.7779,1,0.4315,11.112,12.25,6.845
9.7099,0.081281,0.21468,9.7098,0.081024,0.21428,4.7892,1,0.44154,11.122,12.25,6.845
9.7087,0.081643,0.21546,9.7086,0.081383,0.21506,4.8005,1,0.45157,11.132,12.25,6.845
9.7075,0.082004,0.21624,9.7073,0.081741,0.21584,4.8118,1,0.46161,11.142,12.25,6.845
9.7063,0.0824,0.21699,9.7061,0.082134,0.21659,4.8232,1,0.47164,11.152,12.25,6.845
9.7051,0.082796,0.21773,9.705,0.082528,0.21733,4.8346,1,0.48168,11.162,12.25,6.845
9.704,0.083192,0.21848,9.7038,0.082921,0.21807,4.846,1,0.49171,11.172,12.25,6.845
9.7028,0.083588,0.21923,9.7026,0.083314,0.21882,4.8575,1,0.50175,11.182,12.25,6.845
9.7016,0.083984,0.21997,9.7015,0.083708,0.21956,4.8689,1,0.51178,11.192,12.25,6.845
9.7005,0.08438,0.22072,9.7003,0.084101,0.22031,4.8803,1,0.52182,11.202,12.25,6.845
9.6993,0.084776,0.22146,9.6991,0.084495,0.22105,4.8918,1,0.53185,11.212,12.25,6.845
9.6981,0.085155,0.22222,9.6979,0.084871,0.2218,4.9033,1,0.54189,11.222,12.25,6.845
9.6969,0.085508,0.22297,9.6967,0.08522,0.22256,4.9149,1,0.55192,11.232,12.25,6.845
9.6957,0.085861,0.22373,9.6955,0.08557,0.22331,4.9266,1,0.56196,11.242,12.25,6.845
9.6945,0.086238,0.22451,9.6943,0.085943,0.22409,4.9386,1,0.57199,11.252,12.25,6.845
9.6931,0.086709,0.2254,9.6929,0.086411,0.22497,4.9521,1,0.58203,11.262,12.25,6.845
9.6918,0.087181,0.22628,9.6915,0.08688,0.22586,4.9656,1,0.59206,11.272,12.25,6.845
9.6904,0.087652,0.22716,9.6902,0.087348,0.22674,4.9792,1,0.6021,11.282,12.25,6.845
9.689,0.088124,0.22805,9.6888,0.087816,0.22762,4.9927,1,0.61213,11.292,12.25,6.845
9.6877,0.088596,0.22893,9.6874,0.088284,0.2285,5.0062,1,0.62217,11.302,12.25,6.845
9.6863,0.089051,0.22982,9.686,0.088736,0.22939,5.0198,1,0.63221,11.312,12.25,6.845
9.6849,0.089471,0.23072,9.6846,0.089152,0.23028,5.0335,1,0.64224,11.322,12.25,6.845
9.6835,0.089892,0.23162,9.6832,0.089568,0.23118,5.0473,1,0.65228,11.332,12.25,6.845
9.6821,0.090382,0.23255,9.6819,0.090054,0.23211,5.0602,1,0.66231,11.342,12.25,6.845
9.6808,0.090885,0.23349,9.6805,0.090553,0.23305,5.073,1,0.67235,11.352,12.25,6.845
9.6794,0.091388,0.23443,9.6791,0.091052,0.23398,5.0857,1,0.68238,11.362,12.25,6.845
9.678,0.091891,0.23537,9.6777,0.091551,0.23492,5.0984,1,0.69241,11.372,12.25,6.845
9.6766,0.092394,0.2363,9.6763,0.092049,0.23586,5.1112,1,0.70245,11.382,12.25,6.845
9.6752,0.092896,0.23724,9.6749,0.092548,0.23679,5.1239,1,0.71248,11.392,12.25,6.845
9.6738,0.093351,0.23819,9.6735,0.092998,0.23774,5.1369,1,0.72252,11.403,12.25,6.845
9.6724,0.0938,0.23915,9.6721,0.093441,0.2387,5.1499,1,0.73255,11.413,12.25,6.845
9.671,0.09428,0.24011,9.6707,0.093917,0.23966,5.1627,1,0.74259,11.423,12.25,6.845
9.6696,0.09481,0.2411,9.6692,0.094443,0.24064,5.1754,1,0.75262,11.433,12.25,6.845
9.6682,0.095341,0.24209,9.6678,0.094969,0.24163,5.188,1,0.76266,11.443,12.25,6.845
9.6668,0.095871,0.24307,9.6664,0.095495,0.24261,5.2006,1,0.77269,11.453,12.25,6.845
9.6654,0.096401,0.24406,9.665,0.096021,0.2436,5.2133,1,0.78273,11.463,12.25,6.845
9.664,0.096932,0.24505,9.6636,0.096547,0.24458,5.2259,1,0.79276,11.473,12.25,6.845
9.6626,0.097442,0.24604,9.6622,0.097053,0.24557,5.2386,1,0.8028,11.483,12.25,6.845
9.6612,0.097915,0.24704,9.6607,0.097521,0.24657,5.2515,1,0.81283,11.493,12.25,6.845
9.6597,0.098389,0.24804,9.6593,0.097988,0.24757,5.2644,1,0.82287,11.503,12.25,6.845
9.6583,0.098933,0.24908,9.6578,0.098528,0.2486,5.2773,1,0.8329,11.513,12.25,6.845
9.6568,0.099492,0.25011,9.6564,0.099083,0.24964,5.2903,1,0.84294,11.523,12.25,6.845
9.6554,0.10005,0.25115,9.6549,0.099639,0.25068,5.3033,1,0.85297,11.533,12.25,6.845
9.6539,0.10061,0.25219,9.6534,0.10019,0.25171,5.3162,1,0.86301,11.543,12.25,6.845
9.6525,0.10117,0.25323,9.652,0.10075,0.25275,5.3292,1,0.87304,11.553,12.25,6.845
9.651,0.10173,0.25427,9.6505,0.1013,0.25379,5.3422,1,0.88308,11.563,12.25,6.845
9.6495,0.10225,0.25532,9.649,0.10182,0.25483,5.3553,1,0.89312,11.573,12.25,6.845
9.648,0.10275,0.25637,9.6475,0.10231,0.25589,5.3685,1,0.90315,11.583,12.25,6.845
9.6465,0.10326,0.25743,9.646,0.10282,0.25695,5.3818,1,0.91319,11.593,12.25,6.845
9.645,0.10385,0.25853,9.6444,0.1034,0.25804,5.3953,1,0.92322,11.603,12.25,6.845
9.6435,0.10445,0.25962,9.6429,0.10399,0.25913,5.4088,1,0.93325,11.613,12.25,6.845
9.6419,0.10504,0.26072,9.6414,0.10458,0.26022,5.4224,1,0.94329,11.623,12.25,6.845
9.6404,0.10563,0.26181,9.6398,0.10517,0.26132,5.4359,1,0.95332,11.633,12.25,6.845
9.6389,0.10622,0.26291,9.6383,0.10575,0.26241,5.4494,1,0.96336,11.643,12.25,6.845
9.6374,0.10681,0.264,9.6368,0.10634,0.2635,5.463,1,0.97339,11.653,12.25,6.845
9.6358,0.10734,0.26511,9.6352,0.10686,0.26461,5.4767,1,0.98343,11.663,12.25,6.845
9.6342,0.10787,0.26622,9.6336,0.10739,0.26572,5.4905,1,0.99346,11.673,12.25,6.845
9.6326,0.10844,0.26735,9.632,0.10794,0.26685,5.5044,1,1.0035,11.684,12.25,6.845
9.631,0.10906,0.26851,9.6304,0.10857,0.268,5.5185,1,1.0135,11.694,12.25,6.845
9.6295,0.10969,0.26966,9.6288,0.10919,0.26915,5.5326,1,1.0236,11.704,12.25,6.845
9.6279,0.11032,0.27082,9.6271,0.10981,0.27031,5.5467,1,1.0336,11.714,12.25,6.845
9.6263,0.11095,0.27198,9.6255,0.11043,0.27146,5.5608,1,1.0436,11.724,12.25,6.845
9.6247,0.11157,0.27313,9.6239,0.11105,0.27261,5.5749,1,1.0537,11.734,12.25,6.845
9.6231,0.11219,0.27429,9.6223,0.11167,0.27377,5.5891,1,1.0637,11.744,12.25,6.845
9.6214,0.11275,0.27546,9.6206,0.11222,0.27494,5.6034,1,1.0737,11.754,12.25,6.845
9.6198,0.11331,0.27664,9.619,0.11277,0.27611,5.6178,1,1.0838,11.764,12.25,6.845
9.6181,0.11392,0.27783,9.6173,0.11338,0.27731,5.6323,1,1.0938,11.774,12.25,6.845
9.6164,0.11459,0.27906,9.6156,0.11404,0.27853,5.647,1,1.1038,11.784,12.25,6.845
9.6148,0.11525,0.28028,9.6139,0.1147,0.27975,5.6616,1,1.1139,11.794,12.25,6.845
9.6131,0.11592,0.2815,9.6122,0.11536,0.28097,5.6763,1,1.1239,11.804,12.25,6.845
9.6114,0.11658,0.28272,9.6105,0.11601,0.28219,5.691,1,1.134,11.814,12.25,6.845
9.6097,0.11725,0.28394,9.6088,0.11667,0.28341,5.7056,1,1.144,11.824,12.25,6.845
9.6081,0.11791,0.28517,9.6072,0.11732,0.28463,5.7203,1,1.154,11.834,12.25,6.845
9.6063,0.1185,0.28641,9.6054,0.11791,0.28587,5.7353,1,1.1641,11.844,12.25,6.845
9.6046,0.1191,0.28765,9.6037,0.1185,0.28711,5.7502,1,1.1741,11.854,12.25,6.845
9.6029,0.11974,0.28892,9.6019,0.11914,0.28838,5.7653,1,1.1841,11.864,12.25,6.845
9.6011,0.12045,0.29021,9.6001,0.11984,0.28967,5.7805,1,1.1942,11.874,12.25,6.845
9.5994,0.12116,0.29151,9.5984,0.12054,0.29096,5.7957,1,1.2042,11.884,12.25,6.845
9.5976,0.12186,0.2928,9.5966,0.12124,0.29226,5.8109,1,1.2142,11.894,12.25,6.845
9.5959,0.12257,0.2941,9.5948,0.12194,0.29355,5.8262,1,1.2243,11.904,12.25,6.845
9.5941,0.12328,0.29539,9.593,0.12264,0.29484,5.8414,1,1.2343,11.914,12.25,6.845
9.5924,0.12398,0.29669,9.5913,0.12334,0.29614,5.8567,1,1.2443,11.924,12.25,6.845
9.5906,0.12462,0.298,9.5894,0.12396,0.29745,5.8721,1,1.2544,11.934,12.25,6.845
9.5888,0.12525,0.29932,9.5876,0.12458,0.29876,5.8876,1,1.2644,11.944,12.25,6.845
9.587,0.12592,0.30065,9.5858,0.12525,0.3001,5.9032,1,1.2744,11.954,12.25,6.845
9.5851,0.12668,0.30202,9.5839,0.12599,0.30147,5.9191,1,1.2845,11.964,12.25,6.845
9.5833,0.12743,0.3034,9.5821,0.12674,0.30284,5.9349,1,1.2945,11.975,12.25,6.845
9.5815,0.12818,0.30477,9.5802,0.12748,0.30421,5.9507,1,1.3046,11.985,12.25,6.845
9.5796,0.12893,0.30615,9.5783,0.12823,0.30559,5.9665,1,1.3146,11.995,12.25,6.845
9.5778,0.12969,0.30752,9.5765,0.12897,0.30696,5.9824,1,1.3246,12.005,12.25,6.845
9.576,0.13044,0.30889,9.5746,0.12972,0.30833,5.9982,1,1.3347,12.015,12.25,6.845
9.5741,0.13113,0.31028,9.5727,0.13039,0.30972,6.0142,1,1.3447,12.025,12.25,6.845
9.5722,0.1318,0.31168,9.5708,0.13106,0.31112,6.0303,1,1.3547,12.035,12.25,6.845
9.5703,0.13249,0.31308,9.5689,0.13173,0.31252,6.0464,1,1.3648,12.045,12.25,6.845
9.5684,0.13329,0.31454,9.5669,0.13253,0.31398,6.0629,1,1.3748,12.055,12.25,6.845
9.5664,0.13409,0.316,9.5649,0.13332,0.31543,6.0793,1,1.3848,12.065,12.25,6.845
9.5645,0.13489,0.31746,9.563,0.13411,0.31689,6.0957,1,1.3949,12.075,12.25,6.845
9.5626,0.1357,0.31892,9.561,0.13491,0.31835,6.1122,1,1.4049,12.085,12.25,6.845
9.5607,0.1365,0.32038,9.5591,0.1357,0.31981,6.1286,1,1.4149,12.095,12.25,6.845
9.5587,0.1373,0.32184,9.5571,0.1365,0.32127,6.1451,1,1.425,12.105,12.25,6.845
9.5568,0.13806,0.32331,9.5551,0.13725,0.32274,6.1616,1,1.435,12.115,12.25,6.845
9.5548,0.13878,0.32479,9.5531,0.13795,0.32423,6.1783,1,1.445,12.125,12.25,6.845
9.5528,0.1395,0.32628,9.5511,0.13866,0.32571,6.195,1,1.4551,12.135,12.25,6.845
9.5508,0.14032,0.32781,9.549,0.13947,0.32724,6.212,1,1.4651,12.145,12.25,6.845
9.5488,0.14118,0.32937,9.547,0.14032,0.3288,6.2291,1,1.4751,12.155,12.25,6.845
9.5467,0.14204,0.33092,9.5449,0.14117,0.33035,6.2462,1,1.4852,12.165,12.25,6.845
9.5447,0.14289,0.33248,9.5429,0.14201,0.33191,6.2633,1,1.4952,12.175,12.25,6.845
9.5427,0.14375,0.33403,9.5408,0.14286,0.33346,6.2803,1,1.5052,12.185,12.25,6.845
9.5407,0.14461,0.33559,9.5387,0.14371,0.33502,6.2974,1,1.5153,12.195,12.25,6.845
9.5387,0.14546,0.33714,9.5367,0.14455,0.33657,6.3145,1,1.5253,12.205,12.25,6.845
9.5366,0.14623,0.33872,9.5345,0.1453,0.33815,6.3318,1,1.5354,12.215,12.25,6.845
9.5345,0.147,0.3403,9.5324,0.14606,0.33973,6.3492,1,1.5454,12.225,12.25,6.845
9.5324,0.14781,0.3419,9.5303,0.14685,0.34133,6.3666,1,1.5554,12.235,12.25,6.845
9.5302,0.14872,0.34356,9.5281,0.14776,0.34299,6.3843,1,1.5655,12.245,12.25,6.845
9.5281,0.14964,0.34522,9.5259,0.14867,0.34465,6.4021,1,1.5755,12.255,12.25,6.845
9.526,0.15056,0.34687,9.5238,0.14957,0.34631,6.4198,1,1.5855,12.266,12.25,6.845
9.5239,0.15148,0.34853,9.5216,0.15048,0.34797,6.4376,1,1.5956,12.276,12.25,6.845
9.5217,0.15239,0.35019,9.5194,0.15139,0.34963,6.4553,1,1.6056,12.286,12.25,6.845
9.5196,0.15331,0.35185,9.5172,0.15229,0.35129,6.4731,1,1.6156,12.296,12.25,6.845
9.5175,0.15418,0.35352,9.515,0.15315,0.35296,6.4909,1,1.6257,12.306,12.25,6.845
9.5152,0.155,0.3552,9.5128,0.15395,0.35465,6.5089,1,1.6357,12.316,12.25,6.845
9.513,0.15583,0.35689,9.5105,0.15476,0.35634,6.5268,1,1.6457,12.326,12.25,6.845
9.5108,0.15676,0.35863,9.5083,0.15568,0.35808,6.5451,1,1.6558,12.336,12.25,6.845
9.5086,0.15774,0.3604,9.506,0.15665,0.35986,6.5635,1,1.6658,12.346,12.25,6.845
9.5063,0.15873,0.36218,9.5037,0.15763,0.36163,6.5819,1,1.6758,12.356,12.25,6.845
9.5041,0.15971,0.36395,9.5014,0.1586,0.36341,6.6003,1,1.6859,12.366,12.25,6.845
9.5019,0.1607,0.36572,9.4991,0.15957,0.36518,6.6187,1,1.6959,12.376,12.25,6.845
9.4996,0.16168,0.36749,9.4968,0.16054,0.36696,6.6372,1,1.7059,12.386,12.25,6.845
9.4974,0.16266,0.36926,9.4945,0.16151,0.36873,6.6556,1,1.716,12.396,12.25,6.845
9.4951,0.16356,0.37106,9.4921,0.16239,0.37053,6.6741,1,1.726,12.406,12.25,6.845
9.4928,0.16445,0.37286,9.4898,0.16326,0.37234,6.6927,1,1.7361,12.416,12.25,6.845
9.4904,0.16533,0.37466,9.4874,0.16412,0.37414,6.7113,1,1.7461,12.426,12.25,6.845
9.4881,0.16638,0.37655,9.485,0.16516,0.37604,6.7304,1,1.7561,12.436,12.25,6.845
9.4857,0.16744,0.37845,9.4825,0.1662,0.37794,6.7495,1,1.7662,12.446,12.25,6.845
9.4834,0.1685,0.38035,9.4801,0.16725,0.37985,6.7686,1,1.7762,12.456,12.25,6.845
9.481,0.16956,0.38225,9.4777,0.16829,0.38175,6.7877,1,1.7862,12.466,12.25,6.845
9.4786,0.17061,0.38414,9.4753,0.16933,0.38365,6.8068,1,1.7963,12.476,12.25,6.845
9.4763,0.17167,0.38604,9.4728,0.17038,0.38555,6.8259,1,1.8063,12.486,12.25,6.845
9.4739,0.17272,0.38794,9.4704,0.17141,0.38746,6.845,1,1.8163,12.496,12.25,6.845
9.4715,0.17367,0.38987,9.4679,0.17234,0.38939,6.8642,1,1.8264,12.506,12.25,6.845
9.469,0.17462,0.39179,9.4654,0.17327,0.39132,6.8834,1,1.8364,12.516,12.25,6.845
9.4666,0.1756,0.39374,9.4628,0.17423,0.39327,6.9027,1,1.8464,12.526,12.25,6.845
9.4641,0.17674,0.39577,9.4603,0.17535,0.39532,6.9225,1,1.8565,12.536,12.25,6.845
9.4616,0.17788,0.39781,9.4577,0.17647,0.39736,6.9423,1,1.8665,12.547,12.25,6.845
9.4591,0.17902,0.39985,9.4551,0.1776,0.39941,6.9621,1,1.8765,12.557,12.25,6.845
9.4566,0.18016,0.40188,9.4526,0.17872,0.40145,6.9819,1,1.8866,12.567,12.25,6.845
9.4541,0.18129,0.40392,9.45,0.17984,0.4035,7.0016,1,1.8966,12.577,12.25,6.845
9.4516,0.18243,0.40596,9.4474,0.18097,0.40554,7.0214,1,1.9066,12.587,12.25,6.845
9.4491,0.18356,0.408,9.4448,0.18207,0.40759,7.0412,1,1.9167,12.597,12.25,6.845
9.4465,0.18458,0.41006,9.4422,0.18307,0.40967,7.061,1,1.9267,12.607,12.25,6.845
9.4439,0.18561,0.41213,9.4395,0.18407,0.41175,7.0809,1,1.9368,12.617,12.25,6.845
9.4413,0.18667,0.41422,9.4368,0.18511,0.41385,7.1009,1,1.9468,12.627,12.25,6.845
9.4387,0.1879,0.41641,9.4341,0.18632,0.41605,7.1213,1,1.9568,12.637,12.25,6.845
9.436,0.18913,0.4186,9.4314,0.18753,0.41825,7.1417,1,1.9669,12.647,12.25,6.845
9.4334,0.19036,0.42079,9.4286,0.18874,0.42046,7.1622,1,1.9769,12.657,12.25,6.845
9.4308,0.19159,0.42298,9.4259,0.18995,0.42266,7.1826,1,1.9869,12.667,12.25,6.845
9.4282,0.19282,0.42517,9.4232,0.19117,0.42486,7.2031,1,1.997,12.677,12.25,6.845
9.4255,0.19404,0.42736,9.4204,0.19238,0.42707,7.2235,1,2.007,12.687,12.25,6.845
9.4229,0.19526,0.42955,9.4177,0.19358,0.42927,7.244,1,2.017,12.697,12.25,6.845
9.4201,0.19637,0.43178,9.4149,0.19465,0.43151,7.2644,1,2.0271,12.707,12.25,6.845
9.4174,0.19748,0.434,9.412,0.19573,0.43374,7.2848,1,2.0371,12.717,12.25,6.845
9.4146,0.19861,0.43624,9.4092,0.19683,0.436,7.3053,1,2.0471,12.727,12.25,6.845
9.4118,0.19994,0.4386,9.4063,0.19814,0.43838,7.3264,1,2.0572,12.737,12.25,6.845
9.409,0.20127,0.44096,9.4034,0.19946,0.44076,7.3475,1,2.0672,12.747,12.25,6.845
9.4063,0.2026,0.44332,9.4005,0.20077,0.44314,7.3686,1,2.0772,12.757,12.25,6.845
9.4035,0.20393,0.44568,9.3976,0.20208,0.44552,7.3897,1,2.0873,12.767,12.25,6.845
9.4007,0.20526,0.44804,9.3947,0.20339,0.4479,7.4107,1,2.0973,12.777,12.25,6.845
9.3979,0.20659,0.4504,9.3917,0.2047,0.45028,7.4318,1,2.1073,12.787,12.25,6.845
9.3951,0.20792,0.45276,9.3888,0.20601,0.45266,7.4529,1,2.1174,12.797,12.25,6.845
9.3922,0.20913,0.45515,9.3858,0.20719,0.45507,7.4739,1,2.1274,12.807,12.25,6.845
9.3893,0.21033,0.45754,9.3828,0.20835,0.45748,7.4949,1,2.1375,12.817,12.25,6.845
9.3864,0.21153,0.45994,9.3798,0.20951,0.4599,7.5158,1,2.1475,12.827,12.25,6.845
9.3834,0.21295,0.46247,9.3767,0.21091,0.46246,7.5374,1,2.1575,12.838,12.25,6.845
9.3805,0.2144,0.46502,9.3736,0.21233,0.46504,7.5591,1,2.1676,12.848,12.25,6.845
9.3775,0.21584,0.46757,9.3705,0.21376,0.46762,7.5807,1,2.1776,12.858,12.25,6.845
9.3745,0.21728,0.47012,9.3674,0.21518,0.4702,7.6024,1,2.1876,12.868,12.25,6.845
9.3716,0.21873,0.47267,9.3643,0.2166,0.47278,7.6241,1,2.1977,12.878,12.25,6.845
9.3686,0.22017,0.47522,9.3612,0.21802,0.47535,7.6457,1,2.2077,12.888,12.25,6.845
9.3657,0.22162,0.47777,9.3581,0.21944,0.47793,7.6674,1,2.2177,12.898,12.25,6.845
9.3626,0.22297,0.48035,9.3549,0.22077,0.48053,7.6889,1,2.2278,12.908,12.25,6.845
9.3595,0.22428,0.48293,9.3517,0.22203,0.48315,7.7103,1,2.2378,12.918,12.25,6.845
9.3564,0.22558,0.48552,9.3484,0.22329,0.48576,7.7318,1,2.2478,12.928,12.25,6.845
9.3533,0.22704,0.4882,9.3451,0.22471,0.48848,7.7536,1,2.2579,12.938,12.25,6.845
9.3501,0.22861,0.49096,9.3418,0.22626,0.49129,7.7757,1,2.2679,12.948,12.25,6.845
9.347,0.23018,0.49372,9.3385,0.22781,0.49409,7.7979,1,2.2779,12.958,12.25,6.845
9.3438,0.23175,0.49649,9.3352,0.22936,0.49689,7.82,1,2.288,12.968,12.25,6.845
9.3407,0.23332,0.49925,9.3319,0.23091,0.4997,7.8422,1,2.298,12.978,12.25,6.845
9.3375,0.23489,0.50201,9.3285,0.23245,0.5025,7.8643,1,2.3081,12.988,12.25,6.845
9.3344,0.23647,0.50477,9.3252,0.234,0.5053,7.8865,1,2.3181,12.998,12.25,6.845
9.3312,0.23801,0.50754,9.3219,0.23552,0.50811,7.9085,1,2.3281,13.008,12.25,6.845
9.3279,0.23943,0.51034,9.3184,0.23689,0.51095,7.9303,1,2.3382,13.018,12.25,6.845
9.3246,0.24085,0.51314,9.3149,0.23826,0.51379,7.9521,1,2.3482,13.028,12.25,6.845
9.3213,0.2423,0.51596,9.3115,0.23966,0.51665,7.9739,1,2.3582,13.038,12.25,6.845
9.3179,0.24402,0.51896,9.3079,0.24135,0.51971,7.9964,1,2.3683,13.048,12.25,6.845
9.3146,0.24574,0.52196,9.3043,0.24304,0.52277,8.0189,1,2.3783,13.058,12.25,6.845
9.3112,0.24745,0.52496,9.3008,0.24473,0.52583,8.0414,1,2.3883,13.068,12.25,6.845
9.3079,0.24917,0.52796,9.2972,0.24642,0.52889,8.0639,1,2.3984,13.078,12.25,6.845
9.3045,0.25089,0.53096,9.2936,0.24811,0.53194,8.0864,1,2.4084,13.088,12.25,6.845
9.3012,0.2526,0.53396,9.2901,0.2498,0.535,8.1089,1,2.4184,13.098,12.25,6.845
9.2978,0.25432,0.53695,9.2865,0.2515,0.53806,8.1314,1,2.4285,13.108,12.25,6.845
9.2944,0.25594,0.53998,9.2829,0.25306,0.54114,8.1535,1,2.4385,13.119,12.25,6.845
9.2908,0.25749,0.54301,9.2791,0.25456,0.54424,8.1755,1,2.4485,13.129,12.25,6.845
9.2873,0.25905,0.54605,9.2754,0.25606,0.54733,8.1974,1,2.4586,13.139,12.25,6.845
9.2837,0.26076,0.5492,9.2716,0.25773,0.55055,8.2197,1,2.4686,13.149,12.25,6.845
9.2801,0.26264,0.55247,9.2678,0.25958,0.5539,8.2423,1,2.4786,13.159,12.25,6.845
9.2766,0.26453,0.55573,9.2639,0.26144,0.55725,8.2649,1,2.4887,13.169,12.25,6.845
9.273,0.26641,0.559,9.2601,0.26329,0.5606,8.2876,1,2.4987,13.179,12.25,6.845
9.2694,0.26829,0.56227,9.2562,0.26514,0.56395,8.3102,1,2.5087,13.189,12.25,6.845
9.2658,0.27018,0.56554,9.2524,0.267,0.56729,8.3328,1,2.5188,13.199,12.25,6.845
9.2622,0.27206,0.5688,9.2486,0.26885,0.57064,8.3555,1,2.5288,13.209,12.25,6.845
9.2586,0.27394,0.57207,9.2447,0.27071,0.57399,8.3781,1,2.5389,13.219,12.25,6.845
9.2549,0.27566,0.57537,9.2407,0.27236,0.57738,8.4,1,2.5489,13.229,12.25,6.845
9.2511,0.27737,0.57867,9.2367,0.274,0.58076,8.4219,1,2.5589,13.239,12.25,6.845
9.2473,0.27907,0.58198,9.2326,0.27564,0.58415,8.4437,1,2.569,13.249,12.25,6.845
9.2435,0.28106,0.58548,9.2285,0.27758,0.58776,8.4661,1,2.579,13.259,12.25,6.845
9.2396,0.28313,0.58905,9.2243,0.27962,0.59144,8.4885,1,2.589,13.269,12.25,6.845
9.2358,0.28521,0.59262,9.2202,0.28166,0.59513,8.511,1,2.5991,13.279,12.25,6.845
9.2319,0.28728,0.59619,9.216,0.2837,0.59881,8.5335,1,2.6091,13.289,12.25,6.845
9.2281,0.28935,0.59976,9.2119,0.28575,0.60249,8.556,1,2.6191,13.299,12.25,6.845
9.2242,0.29143,0.60333,9.2077,0.28779,0.60618,8.5784,1,2.6292,13.309,12.25,6.845
9.2204,0.2935,0.6069,9.2036,0.28983,0.60986,8.6009,1,2.6392,13.319,12.25,6.845
9.2165,0.29555,0.61047,9.1994,0.29184,0.61355,8.6233,1,2.6492,13.329,12.25,6.845
9.2124,0.29743,0.61408,9.195,0.29365,0.61727,8.6447,1,2.6593,13.339,12.25,6.845
9.2084,0.29932,0.61768,9.1906,0.29545,0.62098,8.6662,1,2.6693,13.349,12.25,6.845
9.2043,0.3012,0.62129,9.1862,0.29725,0.6247,8.6876,1,2.6793,13.359,12.25,6.845
9.2001,0.30345,0.62517,9.1817,0.29946,0.62873,8.7095,1,2.6894,13.369,12.25,6.845
9.196,0.30574,0.62908,9.1772,0.30172,0.63281,8.7313,1,2.6994,13.379,12.25,6.845
9.1919,0.30803,0.63299,9.1727,0.30398,0.63688,8.7532,1,2.7094,13.389,12.25,6.845
9.1877,0.31033,0.6369,9.1682,0.30624,0.64095,8.7751,1,2.7195,13.399,12.25,6.845
9.1836,0.31262,0.64082,9.1636,0.3085,0.64502,8.797,1,2.7295,13.41,12.25,6.845
9.1794,0.31492,0.64473,9.1591,0.31075,0.6491,8.8189,1,2.7396,13.42,12.25,6.845
9.1753,0.31721,0.64864,9.1546,0.31301,0.65317,8.8408,1,2.7496,13.43,12.25,6.845
9.1711,0.31947,0.65256,9.15,0.31523,0.65725,8.8625,1,2.7596,13.44,12.25,6.845
9.1667,0.32156,0.65651,9.1453,0.31723,0.66135,8.8831,1,2.7697,13.45,12.25,6.845
9.1623,0.32364,0.66045,9.1405,0.31922,0.66545,8.9036,1,2.7797,13.46,12.25,6.845
9.1579,0.32573,0.6644,9.1357,0.32121,0.66955,8.9242,1,2.7897,13.47,12.25,6.845
9.1534,0.32823,0.66866,9.1308,0.32366,0.67403,8.9449,1,2.7998,13.48,12.25,6.845
9.1489,0.33078,0.67297,9.1258,0.32618,0.67856,8.9656,1,2.8098,13.49,12.25,6.845
9.1445,0.33333,0.67727,9.1209,0.32869,0.68308,8.9864,1,2.8198,13.5,12.25,6.845
9.14,0.33588,0.68158,9.1159,0.3312,0.68761,9.0071,1,2.8299,13.51,12.25,6.845
9.1355,0.33843,0.68588,9.111,0.33372,0.69214,9.0278,1,2.8399,13.52,12.25,6.845
9.131,0.34099,0.69019,9.106,0.33623,0.69667,9.0485,1,2.8499,13.53,12.25,6.845
9.1265,0.34354,0.69449,9.1011,0.33875,0.70119,9.0692,1,2.86,13.54,12.25,6.845
9.122,0.34608,0.6988,9.0961,0.34125,0.70572,9.0899,1,2.87,13.55,12.25,6.845
9.1172,0.3484,0.70313,9.0909,0.34346,0.71027,9.1089,1,2.88,13.56,12.25,6.845
9.1124,0.35073,0.70746,9.0856,0.34568,0.71482,9.128,1,2.8901,13.57,12.25,6.845
9.1076,0.35305,0.7118,9.0804,0.34789,0.71937,9.1471,1,2.9001,13.58,12.25,6.845
9.1028,0.35576,0.71644,9.075,0.35054,0.7243,9.1659,1,2.9101,13.59,12.25,6.845
9.0979,0.35862,0.7212,9.0695,0.35336,0.72936,9.1846,1,2.9202,13.6,12.25,6.845
9.093,0.36148,0.72595,9.064,0.35618,0.73443,9.2033,1,2.9302,13.61,12.25,6.845
9.0881,0.36434,0.73071,9.0586,0.359,0.7395,9.2221,1,2.9403,13.62,12.25,6.845
9.0833,0.36719,0.73547,9.0531,0.36182,0.74456,9.2408,1,2.9503,13.63,12.25,6.845
9.0784,0.37005,0.74023,9.0477,0.36463,0.74963,9.2595,1,2.9603,13.64,12.25,6.845
9.0735,0.37291,0.74498,9.0422,0.36745,0.75469,9.2782,1,2.9704,13.65,12.25,6.845
9.0686,0.37576,0.74974,9.0368,0.37027,0.75976,9.297,1,2.9804,13.66,12.25,6.845
9.0634,0.37842,0.75451,9.031,0.37281,0.76483,9.3141,1,2.9904,13.67,12.25,6.845
9.0582,0.38102,0.75929,9.0252,0.37528,0.7699,9.3308,1,3.0005,13.68,12.25,6.845
9.0529,0.38362,0.76406,9.0194,0.37775,0.77498,9.3475,1,3.0105,13.691,12.25,6.845
9.0476,0.38651,0.76906,9.0135,0.38054,0.78034,9.3637,1,3.0205,13.701,12.25,6.845
9.0423,0.38973,0.77434,9.0074,0.38373,0.78605,9.3794,1,3.0306,13.711,12.25,6.845
9.0369,0.39295,0.77963,9.0013,0.38691,0.79176,9.395,1,3.0406,13.721,12.25,6.845
9.0316,0.39617,0.78491,8.9953,0.39009,0.79747,9.4106,1,3.0506,13.731,12.25,6.845
9.0262,0.3994,0.79019,8.9892,0.39328,0.80319,9.4262,1,3.0607,13.741,12.25,6.845
9.0208,0.40262,0.79547,8.9831,0.39646,0.8089,9.4419,1,3.0707,13.751,12.25,6.845
9.0155,0.40584,0.80075,8.9771,0.39964,0.81461,9.4575,1,3.0807,13.761,12.25,6.845
9.0101,0.40907,0.80604,8.971,0.40282,0.82032,9.4731,1,3.0908,13.771,12.25,6.845
9.0046,0.41217,0.81132,8.9648,0.40584,0.82603,9.4878,1,3.1008,13.781,12.25,6.845
8.9988,0.41511,0.8166,8.9583,0.40862,0.83172,9.5011,1,3.1108,13.791,12.25,6.845
8.993,0.41804,0.82189,8.9518,0.4114,0.83742,9.5143,1,3.1209,13.801,12.25,6.845
8.9872,0.421,0.82718,8.9453,0.4142,0.84313,9.5275,1,3.1309,13.811,12.25,6.845
8.9812,0.42466,0.83308,8.9385,0.41783,0.84963,9.5386,1,3.141,13.821,12.25,6.845
8.9753,0.42833,0.83898,8.9317,0.42145,0.85612,9.5496,1,3.151,13.831,12.25,6.845
8.9693,0.43199,0.84487,8.9248,0.42508,0.86262,9.5607,1,3.161,13.841,12.25,6.845
8.9634,0.43566,0.85077,8.918,0.42871,0.86912,9.5717,1,3.1711,13.851,12.25,6.845
8.9574,0.43932,0.85667,8.9112,0.43234,0.87562,9.5827,1,3.1811,13.861,12.25,6.845
8.9515,0.44299,0.86257,8.9044,0.43596,0.88211,9.5938,1,3.1911,13.871,12.25,6.845
8.9455,0.44665,0.86846,8.8976,0.43959,0.88861,9.6048,1,3.2012,13.881,12.25,6.845
8.9396,0.45032,0.87436,8.8907,0.44322,0.8951,9.6159,1,3.2112,13.891,12.25,6.845
8.9332,0.4537,0.88024,8.8835,0.44643,0.90155,9.6246,1,3.2212,13.901,12.25,6.845
8.9267,0.45704,0.88611,8.8761,0.44958,0.908,9.6329,1,3.2313,13.911,12.25,6.845
8.9202,0.46037,0.89199,8.8688,0.45273,0.91444,9.6413,1,3.2413,13.921,12.25,6.845
8.9136,0.4641,0.8982,8.8613,0.45635,0.92135,9.648,1,3.2513,13.931,12.25,6.845
8.907,0.46831,0.90483,8.8535,0.46053,0.92881,9.6525,1,3.2614,13.941,12.25,6.845
8.9003,0.47253,0.91146,8.8458,0.46471,0.93628,9.657,1,3.2714,13.951,12.25,6.845
8.8936,0.47674,0.91809,8.838,0.46889,0.94375,9.6615,1,3.2814,13.961,12.25,6.845
8.8869,0.48095,0.92472,8.8302,0.47307,0.95121,9.666,1,3.2915,13.971,12.25,6.845
8.8802,0.48516,0.93135,8.8224,0.47725,0.95868,9.6705,1,3.3015,13.982,12.25,6.845
8.8735,0.48937,0.93798,8.8147,0.48143,0.96615,9.675,1,3.3116,13.992,12.25,6.845
8.8668,0.49358,0.94461,8.8069,0.48561,0.97361,9.6795,1,3.3216,14.002,12.25,6.845
8.8599,0.49771,0.95123,8.799,0.48968,0.98106,9.6835,1,3.3316,14.012,12.25,6.845
8.8526,0.50154,0.9578,8.7906,0.49328,0.98841,9.6852,1,3.3417,14.022,12.25,6.845
8.8453,0.50536,0.96436,8.7822,0.49689,0.99576,9.6869,1,3.3517,14.032,12.25,6.845
8.838,0.50919,0.97093,8.7738,0.5005,1.0031,9.6886,1,3.3617,14.042,12.25,6.845
8.8304,0.5138,0.9782,8.765,0.50504,1.0114,9.6858,1,3.3718,14.052,12.25,6.845
8.8227,0.51869,0.98571,8.756,0.50992,1.0201,9.6813,1,3.3818,14.062,12.25,6.845
8.815,0.52358,0.99323,8.747,0.5148,1.0288,9.6768,1,3.3918,14.072,12.25,6.845
8.8074,0.52848,1.0008,8.738,0.51969,1.0375,9.6723,1,3.4019,14.082,12.25,6.845
8.7997,0.53337,1.0083,8.729,0.52457,1.0462,9.6678,1,3.4119,14.092,12.25,6.845
8.792,0.53826,1.0158,8.72,0.52945,1.0549,9.6634,1,3.4219,14.102,12.25,6.845
8.7843,0.54315,1.0233,8.711,0.53433,1.0636,9.6589,1,3.432,14.112,12.25,6.845
8.7767,0.54805,1.0308,8.702,0.53922,1.0723,9.6544,1,3.442,14.122,12.25,6.845
8.7687,0.55276,1.0383,8.6927,0.54383,1.0809,9.6489,1,3.452,14.132,12.25,6.845
8.7603,0.55719,1.0457,8.6829,0.548,1.0894,9.6417,1,3.4621,14.142,12.25,6.845
8.7518,0.56161,1.0531,8.6731,0.55216,1.0978,9.6345,1,3.4721,14.152,12.25,6.845
8.7433,0.56604,1.0605,8.6633,0.55633,1.1063,9.6273,1,3.4821,14.162,12.25,6.845
8.7344,0.57162,1.0689,8.6528,0.56191,1.1163,9.6121,1,3.4922,14.172,12.25,6.845
8.7254,0.57738,1.0776,8.6421,0.56771,1.1266,9.5956,1,3.5022,14.182,12.25,6.845
8.7164,0.58314,1.0862,8.6314,0.5735,1.1369,9.5791,1,3.5122,14.192,12.25,6.845
8.7074,0.5889,1.0948,8.6207,0.5793,1.1471,9.5627,1,3.5223,14.202,12.25,6.845
8.6984,0.59466,1.1034,8.61,0.58509,1.1574,9.5462,1,3.5323,14.212,12.25,6.845
8.6894,0.60042,1.112,8.5994,0.59089,1.1677,9.5298,1,3.5424,14.222,12.25,6.845
8.6804,0.60618,1.1207,8.5887,0.59669,1.1779,9.5133,1,3.5524,14.232,12.25,6.845
8.6714,0.61194,1.1293,8.578,0.60248,1.1882,9.4969,1,3.5624,14.242,12.25,6.845
8.662,0.61746,1.1378,8.5669,0.6079,1.1983,9.4795,1,3.5725,14.252,12.25,6.845
8.6521,0.62263,1.1462,8.5553,0.61277,1.2082,9.4608,1,3.5825,14.262,12.25,6.845
8.6421,0.6278,1.1546,8.5436,0.61764,1.2181,9.4421,1,3.5925,14.273,12.25,6.845
8.6321,0.63297,1.163,8.5319,0.62252,1.2279,9.4234,1,3.6026,14.283,12.25,6.845
8.6213,0.63961,1.1728,8.5191,0.62921,1.2399,9.3935,1,3.6126,14.293,12.25,6.845
8.6104,0.64649,1.1828,8.506,0.63623,1.2523,9.3616,1,3.6226,14.303,12.25,6.845
8.5995,0.65338,1.1928,8.4929,0.64325,1.2646,9.3298,1,3.6327,14.313,12.25,6.845
8.5886,0.66027,1.2029,8.4798,0.65027,1.277,9.2979,1,3.6427,14.323,12.25,6.845
8.5777,0.66716,1.2129,8.4667,0.65729,1.2894,9.266,1,3.6527,14.333,12.25,6.845
8.5668,0.67405,1.2229,8.4537,0.66431,1.3017,9.2342,1,3.6628,14.343,12.25,6.845
8.5559,0.68093,1.233,8.4406,0.67133,1.3141,9.2023,1,3.6728,14.353,12.25,6.845
8.545,0.68782,1.243,8.4275,0.67835,1.3264,9.1704,1,3.6828,14.363,12.25,6.845
8.5338,0.69448,1.2529,8.4141,0.68501,1.3386,9.1382,1,3.6929,14.373,12.25,6.845
8.5216,0.70058,1.2625,8.3997,0.69077,1.3503,9.1051,1,3.7029,14.383,12.25,6.845
8.5095,0.70667,1.2721,8.3853,0.69653,1.3619,9.072,1,3.7129,14.393,12.25,6.845
8.4973,0.71277,1.2818,8.371,0.70229,1.3736,9.0389,1,3.723,14.403,12.25,6.845
8.4844,0.72043,1.2929,8.3553,0.71008,1.3877,8.9939,1,3.733,14.413,12.25,6.845
8.4712,0.72882,1.3049,8.3392,0.7188,1.4029,8.9433,1,3.7431,14.423,12.25,6.845
8.458,0.73721,1.3168,8.323,0.72752,1.4181,8.8927,1,3.7531,14.433,12.25,6.845
8.4447,0.7456,1.3287,8.3068,0.73624,1.4334,8.8421,1,3.7631,14.443,12.25,6.845
8.4315,0.75399,1.3406,8.2906,0.74496,1.4486,8.7914,1,3.7732,14.453,12.25,6.845
8.4182,0.76237,1.3526,8.2744,0.75368,1.4638,8.7408,1,3.7832,14.463,12.25,6.845
8.405,0.77076,1.3645,8.2582,0.7624,1.4791,8.6902,1,3.7932,14.473,12.25,6.845
8.3918,0.77915,1.3764,8.242,0.77112,1.4943,8.6396,1,3.8033,14.483,12.25,6.845
8.3785,0.78752,1.3883,8.2258,0.77982,1.5095,8.589,1,3.8133,14.493,12.25,6.845
8.3637,0.79477,1.3995,8.208,0.7867,1.5235,8.5389,1,3.8233,14.503,12.25,6.845
8.349,0.80202,1.4106,8.1901,0.79358,1.5374,8.4888,1,3.8334,14.513,12.25,6.845
8.3342,0.80927,1.4218,8.1723,0.80046,1.5514,8.4387,1,3.8434,14.523,12.25,6.845
8.3175,0.81763,1.4341,8.1514,0.80887,1.5672,8.3797,1,3.8534,14.533,12.25,6.845
8.2972,0.82794,1.4486,8.1251,0.81997,1.5864,8.3049,1,3.8635,14.543,12.25,6.845
8.277,0.83825,1.463,8.0989,0.83107,1.6056,8.2301,1,3.8735,14.554,12.25,6.845
8.2567,0.84856,1.4775,8.0726,0.84218,1.6247,8.1553,1,3.8835,14.564,12.25,6.845
8.2365,0.85887,1.4919,8.0464,0.85328,1.6439,8.0805,1,3.8936,14.574,12.25,6.845
8.2163,0.86918,1.5064,8.0201,0.86438,1.663,8.0057,1,3.9036,14.584,12.25,6.845
8.196,0.87949,1.5208,7.9939,0.87548,1.6822,7.9309,1,3.9136,14.594,12.25,6.845
8.1758,0.8898,1.5353,7.9676,0.88658,1.7013,7.8561,1,3.9237,14.604,12.25,6.845
8.1555,0.90011,1.5497,7.9414,0.89769,1.7205,7.7813,1,3.9337,14.614,12.25,6.845
8.1338,0.90941,1.5634,7.9134,0.9071,1.7383,7.7081,1,3.9438,14.624,12.25,6.845
8.1109,0.91799,1.5764,7.8843,0.9153,1.7552,7.636,1,3.9538,14.634,12.25,6.845
8.0881,0.92657,1.5895,7.8551,0.92351,1.772,7.564,1,3.9638,14.644,12.25,6.845
8.0652,0.93515,1.6026,7.8259,0.93172,1.7889,7.4919,1,3.9739,14.654,12.25,6.845
8.0456,0.94881,1.621,7.814,0.94714,1.815,7.3925,1,3.9839,14.664,12.25,6.845
8.0265,0.9631,1.6401,7.8043,0.96347,1.8422,7.2897,1,3.9939,14.674,12.25,6.845
8.0073,0.9774,1.6592,7.7945,0.9798,1.8694,7.187,1,4.004,14.684,12.25,6.845
7.9881,0.9917,1.6783,7.7848,0.99613,1.8966,7.0842,1,4.014,14.694,12.25,6.845
7.9689,1.006,1.6974,7.7751,1.0125,1.9238,6.9814,1,4.024,14.704,12.25,6.845
7.9497,1.0203,1.7165,7.7654,1.0288,1.951,6.8786,1,4.0341,14.714,12.25,6.845
7.9305,1.0346,1.7356,7.7556,1.0451,1.9783,6.7758,1,4.0441,14.724,12.25,6.845
7.9113,1.0489,1.7548,7.7459,1.0615,2.0055,6.673,1,4.0541,14.734,12.25,6.845
7.8921,1.0632,1.7739,7.7362,1.0778,2.0327,6.5702,1,4.0642,14.744,12.25,6.845
7.8713,1.0746,1.7902,7.7256,1.0888,2.0553,6.4731,1,4.0742,14.754,12.25,6.845
7.8505,1.0861,1.8066,7.715,1.0999,2.0778,6.376,1,4.0842,14.764,12.25,6.845
7.8297,1.0975,1.823,7.7043,1.1109,2.1004,6.2788,1,4.0943,14.774,12.25,6.845
7.804,1.1097,1.8406,7.6769,1.1226,2.1217,6.1736,1,4.1043,14.784,12.25,6.845
7.7642,1.1241,1.8618,7.6002,1.1361,2.1395,6.0448,1,4.1143,14.794,12.25,6.845
7.7243,1.1384,1.8829,7.5236,1.1497,2.1572,5.9159,1,4.1244,14.804,12.25,6.845
7.6845,1.1528,1.9041,7.4469,1.1632,2.1749,5.7871,1,4.1344,14.814,12.25,6.845
7.6446,1.1672,1.9252,7.3702,1.1767,2.1926,5.6583,1,4.1445,14.824,12.25,6.845
7.6048,1.1816,1.9464,7.2936,1.1902,2.2103,5.5294,1,4.1545,14.834,12.25,6.845
7.5649,1.196,1.9676,7.2169,1.2038,2.228,5.4006,1,4.1645,14.845,12.25,6.845
7.5251,1.2104,1.9887,7.1402,1.2173,2.2457,5.2717,1,4.1746,14.855,12.25,6.845
7.4852,1.2247,2.0099,7.0635,1.2308,2.2634,5.1429,1,4.1846,14.865,12.25,6.845
7.4441,1.2381,2.0301,6.9849,1.2433,2.2801,5.0171,1,4.1946,14.875,12.25,6.845
7.3994,1.2482,2.0473,6.9005,1.2529,2.2937,4.9001,1,4.2047,14.885,12.25,6.845
7.3547,1.2584,2.0646,6.816,1.2624,2.3074,4.7831,1,4.2147,14.895,12.25,6.845
7.31,1.2686,2.0818,6.7316,1.2719,2.321,4.6662,1,4.2247,14.905,12.25,6.845
7.26,1.2726,2.0934,6.6548,1.2724,2.3178,4.5169,1,4.2348,14.915,12.25,6.845
7.2039,1.2696,2.0984,6.587,1.2624,2.2951,4.3302,1,4.2448,14.925,12.25,6.845
7.1477,1.2665,2.1033,6.5191,1.2525,2.2723,4.1435,1,4.2548,14.935,12.25,6.845
7.0915,1.2635,2.1083,6.4512,1.2425,2.2495,3.9568,1,4.2649,14.945,12.25,6.845
7.0354,1.2605,2.1132,6.3833,1.2325,2.2267,3.7701,1,4.2749,14.955,12.25,6.845
6.9792,1.2574,2.1182,6.3155,1.2225,2.2039,3.5833,1,4.2849,14.965,12.25,6.845
6.9231,1.2544,2.1231,6.2476,1.2125,2.1811,3.3966,1,4.295,14.975,12.25,6.845
6.8669,1.2514,2.1281,6.1797,1.2026,2.1583,3.2099,1,4.305,14.985,12.25,6.845
6.8108,1.2483,2.1331,6.1118,1.1926,2.1355,3.0232,1,4.3151,14.995,12.25,6.845
6.7528,1.2442,2.1372,6.0423,1.184,2.1136,2.8421,1,4.3251,15.005,12.25,6.845
6.6914,1.2379,2.1398,5.9697,1.1779,2.0932,2.6717,1,4.3351,15.015,12.25,6.845
6.6299,1.2317,2.1423,5.8971,1.1719,2.0728,2.5012,1,4.3452,15.025,12.25,6.845
6.5685,1.2255,2.1449,5.8244,1.1659,2.0524,2.3308,1,4.3552,15.035,12.25,6.845
6.519,1.212,2.1356,5.7907,1.1519,2.0223,2.1271,1,4.3652,15.045,12.25,6.845
6.4809,1.1916,2.1147,5.7946,1.1303,1.9829,1.8913,1,4.3753,15.055,12.25,6.845
6.4428,1.1711,2.0937,5.7984,1.1087,1.9435,1.6555,1,4.3853,15.065,12.25,6.845
6.4048,1.1506,2.0728,5.8023,1.0871,1.9041,1.4198,1,4.3953,15.075,12.25,6.845
6.3667,1.1302,2.0519,5.8061,1.0656,1.8646,1.1839,1,4.4054,15.085,12.25,6.845
6.3286,1.1097,2.031,5.81,1.044,1.8252,0.94816,1,4.4154,15.095,12.25,6.845
6.2906,1.0893,2.0101,5.8138,1.0224,1.7858,0.71236,1,4.4254,15.105,12.25,6.845
6.2525,1.0688,1.9892,5.8177,1.0008,1.7464,0.47657,1,4.4355,15.115,12.25,6.845
6.2144,1.0484,1.9683,5.8215,0.9792,1.707,0.24077,1,4.4455,15.126,12.25,6.845
6.1765,1.0284,1.9478,5.8266,0.95954,1.669,0.0096015,1,4.4555,15.136,12.25,6.845
6.1388,1.0095,1.9282,5.8347,0.94488,1.6345,-0.20959,1,4.4656,15.146,12.25,6.845
6.1011,0.99064,1.9086,5.8429,0.93022,1.6001,-0.4288,1,4.4756,15.156,12.25,6.845
6.0635,0.97177,1.8891,5.851,0.91556,1.5657,-0.64799,1,4.4856,15.166,12.25,6.845
6.028,0.95316,1.8653,5.8443,0.90166,1.5352,-0.85487,1,4.4957,15.176,12.25,6.845
5.9961,0.93498,1.8351,5.8146,0.88894,1.5109,-1.0426,1,4.5057,15.186,12.25,6.845
5.9642,0.91679,1.8049,5.7849,0.87623,1.4866,-1.2304,1,4.5157,15.196,12.25,6.845
5.9323,0.89861,1.7747,5.7552,0.86351,1.4623,-1.4181,1,4.5258,15.206,12.25,6.845
5.9004,0.88042,1.7445,5.7255,0.85079,1.438,-1.6059,1,4.5358,15.216,12.25,6.845
5.8684,0.86224,1.7143,5.6957,0.83808,1.4137,-1.7936,1,4.5459,15.226,12.25,6.845
5.8365,0.84405,1.684,5.666,0.82536,1.3894,-1.9813,1,4.5559,15.236,12.25,6.845
5.8046,0.82587,1.6538,5.6363,0.81265,1.3651,-2.1691,1,4.5659,15.246,12.25,6.845
5.7727,0.80769,1.6236,5.6066,0.79993,1.3408,-2.3568,1,4.576,15.256,12.25,6.845
5.7408,0.78973,1.5936,5.5769,0.78737,1.3166,-2.5439,1,4.586,15.266,12.25,6.845
5.7103,0.77653,1.567,5.548,0.77814,1.2948,-2.7173,1,4.596,15.276,12.25,6.845
5.6798,0.76334,1.5404,5.519,0.7689,1.273,-2.8907,1,4.6061,15.286,12.25,6.845
5.6493,0.75014,1.5138,5.49,0.75967,1.2512,-3.0641,1,4.6161,15.296,12.25,6.845
5.6192,0.73731,1.4875,5.4612,0.75061,1.2301,-3.2308,1,4.6261,15.306,12.25,6.845
5.592,0.72745,1.4637,5.434,0.74292,1.215,-3.3434,1,4.6362,15.316,12.25,6.845
5.5648,0.71759,1.4399,5.4069,0.73524,1.2,-3.456,1,4.6462,15.326,12.25,6.845
5.5376,0.70773,1.4161,5.3797,0.72756,1.1849,-3.5685,1,4.6562,15.336,12.25,6.845
5.5104,0.69787,1.3923,5.3525,0.71988,1.1699,-3.6811,1,4.6663,15.346,12.25,6.845
5.4832,0.68802,1.3685,5.3253,0.71219,1.1549,-3.7937,1,4.6763,15.356,12.25,6.845
5.456,0.67816,1.3447,5.2982,0.70451,1.1398,-3.9063,1,4.6863,15.366,12.25,6.845
5.4288,0.6683,1.3209,5.271,0.69683,1.1248,-4.0188,1,4.6964,15.376,12.25,6.845
5.4016,0.65844,1.2971,5.2438,0.68915,1.1097,-4.1314,1,4.7064,15.386,12.25,6.845
5.3744,0.64858,1.2733,5.2166,0.68147,1.0947,-4.244,1,4.7164,15.396,12.25,6.845
5.3485,0.64128,1.2516,5.1906,0.6748,1.0804,-4.3532,1,4.7265,15.406,12.25,6.845
5.3233,0.63539,1.2309,5.1651,0.6687,1.0666,-4.4607,1,4.7365,15.417,12.25,6.845
5.2982,0.6295,1.2102,5.1396,0.6626,1.0528,-4.5681,1,4.7466,15.427,12.25,6.845
5.273,0.62362,1.1895,5.1141,0.6565,1.039,-4.6755,1,4.7566,15.437,12.25,6.845
5.2533,0.61787,1.172,5.0962,0.65069,1.0269,-4.7666,1,4.7666,15.447,12.25,6.845
5.2363,0.6122,1.1561,5.0822,0.64502,1.0158,-4.8492,1,4.7767,15.457,12.25,6.845
5.2194,0.60653,1.1402,5.0682,0.63936,1.0047,-4.9318,1,4.7867,15.467,12.25,6.845
5.2024,0.60086,1.1244,5.0541,0.63369,0.99356,-5.0144,1,4.7967,15.477,12.25,6.845
5.1854,0.59519,1.1085,5.0401,0.62802,0.98243,-5.097,1,4.8068,15.487,12.25,6.845
5.1685,0.58952,1.0927,5.0261,0.62235,0.9713,-5.1796,1,4.8168,15.497,12.25,6.845
5.1515,0.58385,1.0768,5.012,0.61668,0.96017,-5.2622,1,4.8268,15.507,12.25,6.845
5.1345,0.57818,1.061,4.998,0.61102,0.94904,-5.3448,1,4.8369,15.517,12.25,6.845
5.1176,0.57251,1.0451,4.984,0.60535,0.93791,-5.4274,1,4.8469,15.527,12.25,6.845
5.1008,0.56699,1.0294,4.9701,0.59976,0.92684,-5.5104,1,4.8569,15.537,12.25,6.845
5.0865,0.56336,1.0152,4.9586,0.59512,0.91648,-5.5978,1,4.867,15.547,12.25,6.845
5.0722,0.55973,1.001,4.9471,0.59048,0.90613,-5.6851,1,4.877,15.557,12.25,6.845
5.0579,0.5561,0.98683,4.9356,0.58584,0.89577,-5.7725,1,4.887,15.567,12.25,6.845
5.0437,0.55245,0.97276,4.9242,0.58121,0.88548,-5.859,1,4.8971,15.577,12.25,6.845
5.032,0.54836,0.96164,4.9143,0.57679,0.87665,-5.9227,1,4.9071,15.587,12.25,6.845
5.0203,0.54428,0.95053,4.9045,0.57236,0.86783,-5.9865,1,4.9171,15.597,12.25,6.845
5.0086,0.54019,0.93941,4.8946,0.56793,0.859,-6.0502,1,4.9272,15.607,12.25,6.845
4.9968,0.53611,0.92829,4.8847,0.5635,0.85017,-6.114,1,4.9372,15.617,12.25,6.845
4.9851,0.53202,0.91717,4.8749,0.55908,0.84135,-6.1777,1,4.9473,15.627,12.25,6.845
4.9734,0.52794,0.90605,4.865,0.55465,0.83252,-6.2415,1,4.9573,15.637,12.25,6.845
4.9617,0.52386,0.89493,4.8552,0.55022,0.8237,-6.3052,1,4.9673,15.647,12.25,6.845
4.95,0.51977,0.88381,4.8453,0.54579,0.81487,-6.369,1,4.9774,15.657,12.25,6.845
4.9383,0.51569,0.87269,4.8354,0.54137,0.80604,-6.4327,1,4.9874,15.667,12.25,6.845
4.9274,0.51198,0.86183,4.8263,0.53719,0.79738,-6.499,1,4.9974,15.677,12.25,6.845
4.9181,0.50903,0.85149,4.8187,0.53352,0.78905,-6.5705,1,5.0075,15.687,12.25,6.845
4.9088,0.50608,0.84114,4.8111,0.52984,0.78072,-6.6419,1,5.0175,15.698,12.25,6.845
4.8994,0.50313,0.8308,4.8035,0.52617,0.77239,-6.7133,1,5.0275,15.708,12.25,6.845
4.8898,0.50014,0.82094,4.7955,0.52255,0.76439,-6.7764,1,5.0376,15.718,12.25,6.845
4.8792,0.49703,0.81257,4.7864,0.51909,0.75738,-6.8144,1,5.0476,15.728,12.25,6.845
4.8686,0.49391,0.8042,4.7772,0.51563,0.75037,-6.8523,1,5.0576,15.738,12.25,6.845
4.8581,0.4908,0.79584,4.7681,0.51218,0.74335,-6.8903,1,5.0677,15.748,12.25,6.845
4.8475,0.48769,0.78746,4.759,0.50872,0.73634,-6.9282,1,5.0777,15.758,12.25,6.845
4.8369,0.48458,0.7791,4.7498,0.50526,0.72933,-6.9662,1,5.0877,15.768,12.25,6.845
4.8263,0.48147,0.77073,4.7407,0.50181,0.72232,-7.0041,1,5.0978,15.778,12.25,6.845
4.8157,0.47836,0.76236,4.7315,0.49835,0.71531,-7.0421,1,5.1078,15.788,12.25,6.845
4.8051,0.47525,0.75399,4.7224,0.4949,0.70829,-7.08,1,5.1178,15.798,12.25,6.845
4.7946,0.47214,0.74562,4.7132,0.49144,0.70128,-7.118,1,5.1279,15.808,12.25,6.845
4.7848,0.46936,0.7374,4.7049,0.48821,0.69439,-7.1589,1,5.1379,15.818,12.25,6.845
4.7761,0.46703,0.72939,4.6976,0.48528,0.68767,-7.2037,1,5.148,15.828,12.25,6.845
4.7674,0.4647,0.72138,4.6903,0.48236,0.68095,-7.2486,1,5.158,15.838,12.25,6.845
4.7588,0.46238,0.71337,4.683,0.47943,0.67423,-7.2935,1,5.168,15.848,12.25,6.845
4.7498,0.46001,0.70578,4.6754,0.47657,0.66782,-7.3304,1,5.1781,15.858,12.25,6.845
4.7402,0.45753,0.69923,4.6671,0.47384,0.6622,-7.3473,1,5.1881,15.868,12.25,6.845
4.7307,0.45506,0.69268,4.6587,0.47111,0.65657,-7.3642,1,5.1981,15.878,12.25,6.845
4.7211,0.45258,0.68613,4.6504,0.46839,0.65094,-7.3811,1,5.2082,15.888,12.25,6.845
4.7115,0.45011,0.67959,4.642,0.46566,0.64531,-7.398,1,5.2182,15.898,12.25,6.845
4.7019,0.44763,0.67304,4.6336,0.46294,0.63968,-7.415,1,5.2282,15.908,12.25,6.845
4.6923,0.44516,0.66649,4.6253,0.46021,0.63405,-7.4319,1,5.2383,15.918,12.25,6.845
4.6827,0.44268,0.65994,4.6169,0.45748,0.62842,-7.4488,1,5.2483,15.928,12.25,6.845
4.6732,0.44021,0.6534,4.6086,0.45476,0.62279,-7.4657,1,5.2583,15.938,12.25,6.845
4.6636,0.43773,0.64685,4.6002,0.45203,0.61716,-7.4826,1,5.2684,15.948,12.25,6.845
4.6545,0.43546,0.64037,4.5924,0.44944,0.61159,-7.5017,1,5.2784,15.958,12.25,6.845
4.6466,0.43359,0.63405,4.5856,0.44709,0.60613,-7.5251,1,5.2884,15.968,12.25,6.845
4.6386,0.43172,0.62772,4.5788,0.44475,0.60067,-7.5485,1,5.2985,15.978,12.25,6.845
4.6306,0.42985,0.62139,4.572,0.44241,0.59521,-7.5719,1,5.3085,15.989,12.25,6.845
4.6226,0.42797,0.61522,4.5651,0.44008,0.58988,-7.5927,1,5.3186,15.999,12.25,6.845
4.6144,0.42599,0.61004,4.5578,0.43789,0.58525,-7.5976,1,5.3286,16.009,12.25,6.845
4.6061,0.42401,0.60487,4.5506,0.43569,0.58063,-7.6024,1,5.3386,16.019,12.25,6.845
4.5979,0.42203,0.59969,4.5433,0.43349,0.57601,-7.6073,1,5.3487,16.029,12.25,6.845
4.5897,0.42004,0.59451,4.536,0.4313,0.57138,-7.6122,1,5.3587,16.039,12.25,6.845
4.5815,0.41806,0.58933,4.5287,0.4291,0.56676,-7.6171,1,5.3687,16.049,12.25,6.845
4.5732,0.41608,0.58415,4.5215,0.4269,0.56214,-7.622,1,5.3788,16.059,12.25,6.845
4.565,0.4141,0.57897,4.5142,0.4247,0.55752,-7.6269,1,5.3888,16.069,12.25,6.845
4.5568,0.41212,0.57379,4.5069,0.42251,0.55289,-7.6318,1,5.3988,16.079,12.25,6.845
4.5485,0.41014,0.56861,4.4997,0.42031,0.54827,-7.6367,1,5.4089,16.089,12.25,6.845
4.5404,0.40819,0.56344,4.4925,0.41813,0.54365,-7.642,1,5.4189,16.099,12.25,6.845
4.5336,0.40665,0.55839,4.4865,0.41623,0.53914,-7.6527,1,5.4289,16.109,12.25,6.845
4.5268,0.40512,0.55333,4.4805,0.41432,0.53462,-7.6635,1,5.439,16.119,12.25,6.845
4.5201,0.40358,0.54828,4.4746,0.41242,0.5301,-7.6742,1,5.449,16.129,12.25,6.845
4.5133,0.40205,0.54323,4.4686,0.41051,0.52558,-7.6849,1,5.459,16.139,12.25,6.845
4.5063,0.40047,0.53889,4.4624,0.40869,0.5216,-7.6851,1,5.4691,16.149,12.25,6.845
4.4993,0.39889,0.5347,4.456,0.40688,0.51772,-7.6829,1,5.4791,16.159,12.25,6.845
4.4923,0.3973,0.53051,4.4497,0.40507,0.51385,-7.6808,1,5.4891,16.169,12.25,6.845
4.4853,0.39572,0.52632,4.4434,0.40327,0.50997,-7.6786,1,5.4992,16.179,12.25,6.845
4.4783,0.39413,0.52213,4.4371,0.40146,0.5061,-7.6765,1,5.5092,16.189,12.25,6.845
4.4712,0.39255,0.51794,4.4308,0.39966,0.50223,-7.6744,1,5.5192,16.199,12.25,6.845
4.4642,0.39096,0.51375,4.4245,0.39785,0.49835,-7.6722,1,5.5293,16.209,12.25,6.845
4.4572,0.38938,0.50956,4.4182,0.39604,0.49448,-7.6701,1,5.5393,16.219,12.25,6.845
4.4502,0.38779,0.50537,4.4119,0.39424,0.4906,-7.6679,1,5.5494,16.229,12.25,6.845
4.4432,0.38621,0.50118,4.4056,0.39243,0.48673,-7.6658,1,5.5594,16.239,12.25,6.845
4.4369,0.38482,0.49699,4.4,0.39077,0.4829,-7.6665,1,5.5694,16.249,12.25,6.845
4.431,0.38354,0.4928,4.3947,0.38919,0.47909,-7.669,1,5.5795,16.259,12.25,6.845
4.4251,0.38226,0.48862,4.3895,0.38762,0.47528,-7.6715,1,5.5895,16.269,12.25,6.845
4.4192,0.38099,0.48443,4.3843,0.38604,0.47147,-7.674,1,5.5995,16.28,12.25,6.845
4.4132,0.37967,0.48046,4.379,0.38449,0.46783,-7.6733,1,5.6096,16.29,12.25,6.845
4.4071,0.37825,0.47692,4.3734,0.38298,0.46454,-7.666,1,5.6196,16.3,12.25,6.845
4.4011,0.37683,0.47337,4.3679,0.38147,0.46124,-7.6587,1,5.6296,16.31,12.25,6.845
4.395,0.37541,0.46983,4.3623,0.37997,0.45795,-7.6514,1,5.6397,16.32,12.25,6.845
4.3889,0.37399,0.46629,4.3567,0.37846,0.45466,-7.6441,1,5.6497,16.33,12.25,6.845
4.3829,0.37257,0.46275,4.3511,0.37695,0.45136,-7.6368,1,5.6597,16.34,12.25,6.845
4.3768,0.37115,0.45921,4.3456,0.37545,0.44807,-7.6295,1,5.6698,16.35,12.25,6.845
4.3708,0.36973,0.45567,4.34,0.37394,0.44478,-7.6222,1,5.6798,16.36,12.25,6.845
4.3647,0.36832,0.45212,4.3344,0.37244,0.44148,-7.6149,1,5.6898,16.37,12.25,6.845
4.3586,0.3669,0.44858,4.3288,0.37093,0.43819,-7.6076,1,5.6999,16.38,12.25,6.845
4.3526,0.36548,0.44504,4.3233,0.36942,0.4349,-7.6003,1,5.7099,16.39,12.25,6.845
4.3473,0.36436,0.44155,4.3186,0.3681,0.43164,-7.5971,1,5.7199,16.4,12.25,6.845
4.3421,0.36325,0.43806,4.3139,0.36678,0.42839,-7.5939,1,5.73,16.41,12.25,6.845
4.3369,0.36214,0.43457,4.3093,0.36546,0.42513,-7.5907,1,5.74,16.42,12.25,6.845
4.3317,0.36102,0.43108,4.3046,0.36414,0.42188,-7.5876,1,5.7501,16.43,12.25,6.845
4.3264,0.35979,0.42786,4.2997,0.36284,0.4189,-7.5795,1,5.7601,16.44,12.25,6.845
4.321,0.35849,0.42481,4.2947,0.36157,0.41606,-7.5687,1,5.7701,16.45,12.25,6.845
4.3156,0.35718,0.42175,4.2897,0.3603,0.41323,-7.5578,1,5.7802,16.46,12.25,6.845
4.3102,0.35588,0.41869,4.2847,0.35902,0.4104,-7.547,1,5.7902,16.47,12.25,6.845
4.3048,0.35458,0.41563,4.2797,0.35775,0.40757,-7.5362,1,5.8002,16.48,12.25,6.845
4.2994,0.35328,0.41258,4.2747,0.35647,0.40474,-7.5253,1,5.8103,16.49,12.25,6.845
4.2941,0.35198,0.40952,4.2697,0.3552,0.4019,-7.5145,1,5.8203,16.5,12.25,6.845
4.2887,0.35067,0.40646,4.2647,0.35393,0.39907,-7.5037,1,5.8303,16.51,12.25,6.845
4.2833,0.34937,0.4034,4.2597,0.35265,0.39624,-7.4928,1,5.8404,16.52,12.25,6.845
4.2779,0.34807,0.40035,4.2547,0.35138,0.39341,-7.482,1,5.8504,16.53,12.25,6.845
4.2727,0.34682,0.39731,4.2499,0.35013,0.39058,-7.4718,1,5.8604,16.54,12.25,6.845
4.2681,0.3458,0.39438,4.2456,0.34901,0.38777,-7.4647,1,5.8705,16.55,12.25,6.845
4.2635,0.34479,0.39145,4.2414,0.34789,0.38495,-7.4575,1,5.8805,16.561,12.25,6.845
4.2589,0.34378,0.38852,4.2371,0.34677,0.38214,-7.4504,1,5.8905,16.571,12.25,6.845
4.2544,0.34276,0.38558,4.2329,0.34565,0.37933,-7.4432,1,5.9006,16.581,12.25,6.845
4.2496,0.34171,0.38289,4.2284,0.34455,0.37679,-7.4318,1,5.9106,16.591,12.25,6.845
4.2447,0.34064,0.38027,4.2239,0.34346,0.37433,-7.4192,1,5.9207,16.601,12.25,6.845
4.2398,0.33958,0.37764,4.2194,0.34237,0.37187,-7.4065,1,5.9307,16.611,12.25,6.845
4.2349,0.33851,0.37502,4.2149,0.34128,0.36941,-7.3939,1,5.9407,16.621,12.25,6.845
4.2301,0.33745,0.37239,4.2103,0.34019,0.36695,-7.3812,1,5.9508,16.631,12.25,6.845
4.2252,0.33638,0.36977,4.2058,0.3391,0.36449,-7.3686,1,5.9608,16.641,12.25,6.845
4.2203,0.33532,0.36715,4.2013,0.33801,0.36203,-7.3559,1,5.9708,16.651,12.25,6.845
4.2154,0.33425,0.36452,4.1968,0.33692,0.35957,-7.3433,1,5.9809,16.661,12.25,6.845
4.2105,0.33319,0.3619,4.1922,0.33583,0.35711,-7.3306,1,5.9909,16.671,12.25,6.845
4.2057,0.33213,0.35927,4.1877,0.33474,0.35465,-7.3179,1,6.0009,16.681,12.25,6.845
4.2009,0.33109,0.35665,4.1833,0.33368,0.35219,-7.3058,1,6.011,16.691,12.25,6.845
4.1967,0.3302,0.35405,4.1794,0.33272,0.34974,-7.2956,1,6.021,16.701,12.25,6.845
4.1925,0.3293,0.35145,4.1755,0.33176,0.34728,-7.2855,1,6.031,16.711,12.25,6.845
4.1883,0.32841,0.34884,4.1716,0.3308,0.34483,-7.2754,1,6.0411,16.721,12.25,6.845
4.1841,0.32751,0.34624,4.1677,0.32984,0.34238,-7.2652,1,6.0511,16.731,12.25,6.845
4.1797,0.32663,0.34389,4.1637,0.3289,0.34014,-7.2529,1,6.0611,16.741,12.25,6.845
4.1753,0.32576,0.34163,4.1596,0.32796,0.33798,-7.2396,1,6.0712,16.751,12.25,6.845
4.1709,0.32489,0.33938,4.1555,0.32702,0.33583,-7.2263,1,6.0812,16.761,12.25,6.845
4.1665,0.32401,0.33712,4.1514,0.32608,0.33368,-7.2131,1,6.0912,16.771,12.25,6.845
4.1621,0.32314,0.33487,4.1473,0.32514,0.33152,-7.1998,1,6.1013,16.781,12.25,6.845
4.1577,0.32226,0.33261,4.1432,0.3242,0.32937,-7.1865,1,6.1113,16.791,12.25,6.845
4.1533,0.32139,0.33036,4.1391,0.32326,0.32721,-7.1733,1,6.1213,16.801,12.25,6.845
4.1489,0.32052,0.3281,4.135,0.32232,0.32506,-7.16,1,6.1314,16.811,12.25,6.845
4.1445,0.31964,0.32585,4.1309,0.32138,0.3229,-7.1467,1,6.1414,16.821,12.25,6.845
4.1401,0.31877,0.32359,4.1268,0.32044,0.32075,-7.1335,1,6.1515,16.831,12.25,6.845
4.1357,0.3179,0.32134,4.1227,0.3195,0.3186,-7.1202,1,6.1615,16.841,12.25,6.845
4.1318,0.31716,0.31904,4.1191,0.31867,0.31644,-7.1087,1,6.1715,16.852,12.25,6.845
4.1279,0.31642,0.31673,4.1155,0.31785,0.31428,-7.0972,1,6.1816,16.862,12.25,6.845
4.124,0.31568,0.31443,4.1119,0.31702,0.31213,-7.0857,1,6.1916,16.872,12.25,6.845
4.1201,0.31495,0.31213,4.1084,0.3162,0.30997,-7.0742,1,6.2016,16.882,12.25,6.845
4.1162,0.31416,0.30999,4.1047,0.31538,0.30794,-7.0618,1,6.2117,16.892,12.25,6.845
4.1123,0.31334,0.30802,4.101,0.31456,0.30604,-7.0484,1,6.2217,16.902,12.25,6.845
4.1084,0.31251,0.30605,4.0972,0.31375,0.30414,-7.035,1,6.2317,16.912,12.25,6.845
4.1045,0.31168,0.30409,4.0935,0.31293,0.30225,-7.0217,1,6.2418,16.922,12.25,6.845
4.1006,0.31085,0.30212,4.0898,0.31212,0.30035,-7.0083,1,6.2518,16.932,12.25,6.845
4.0967,0.31002,0.30016,4.086,0.3113,0.29845,-6.9949,1,6.2618,16.942,12.25,6.845
4.0928,0.30919,0.29819,4.0823,0.31049,0.29655,-6.9815,1,6.2719,16.952,12.25,6.845
4.0889,0.30836,0.29623,4.0786,0.30967,0.29465,-6.9681,1,6.2819,16.962,12.25,6.845
4.085,0.30753,0.29426,4.0748,0.30886,0.29275,-6.9547,1,6.2919,16.972,12.25,6.845
4.0811,0.3067,0.2923,4.0711,0.30804,0.29086,-6.9413,1,6.302,16.982,12.25,6.845
4.0772,0.30587,0.29033,4.0674,0.30723,0.28896,-6.928,1,6.312,16.992,12.25,6.845
4.0735,0.30517,0.28838,4.0639,0.30648,0.28706,-6.9155,1,6.3221,17.002,12.25,6.845
4.0701,0.30454,0.28643,4.0606,0.30577,0.28515,-6.9037,1,6.3321,17.012,12.25,6.845
4.0666,0.30391,0.28449,4.0573,0.30505,0.28325,-6.8919,1,6.3421,17.022,12.25,6.845
4.0632,0.30328,0.28255,4.054,0.30434,0.28134,-6.8801,1,6.3522,17.032,12.25,6.845
4.0597,0.30265,0.28061,4.0507,0.30363,0.27944,-6.8683,1,6.3622,17.042,12.25,6.845
4.0562,0.30187,0.27887,4.0473,0.30292,0.27776,-6.8548,1,6.3722,17.052,12.25,6.845
4.0527,0.30108,0.27714,4.0439,0.30221,0.27608,-6.8413,1,6.3823,17.062,12.25,6.845
4.0492,0.3003,0.2754,4.0405,0.30151,0.2744,-6.8278,1,6.3923,17.072,12.25,6.845
4.0457,0.29952,0.27366,4.037,0.3008,0.27272,-6.8143,1,6.4023,17.082,12.25,6.845
4.0422,0.29873,0.27192,4.0336,0.30009,0.27104,-6.8009,1,6.4124,17.092,12.25,6.845
4.0387,0.29795,0.27019,4.0302,0.29938,0.26936,-6.7874,1,6.4224,17.102,12.25,6.845
4.0352,0.29717,0.26845,4.0268,0.29867,0.26768,-6.7739,1,6.4324,17.112,12.25,6.845
4.0317,0.29638,0.26671,4.0234,0.29797,0.26599,-6.7604,1,6.4425,17.122,12.25,6.845
4.0282,0.2956,0.26497,4.02,0.29726,0.26431,-6.747,1,6.4525,17.133,12.25,6.845
4.0247,0.29482,0.26324,4.0166,0.29655,0.26263,-6.7335,1,6.4625,17.143,12.25,6.845
4.0212,0.29404,0.2615,4.0132,0.29585,0.26095,-6.7201,1,6.4726,17.153,12.25,6.845
4.0181,0.29344,0.25983,4.0101,0.29523,0.25926,-6.7078,1,6.4826,17.163,12.25,6.845
4.0149,0.29285,0.25816,4.0071,0.29461,0.25757,-6.6956,1,6.4926,17.173,12.25,6.845
4.0118,0.29225,0.25648,4.004,0.294,0.25587,-6.6834,1,6.5027,17.183,12.25,6.845
4.0086,0.29165,0.25481,4.001,0.29338,0.25418,-6.6712,1,6.5127,17.193,12.25,6.845
4.0054,0.29104,0.2532,3.9979,0.29276,0.25257,-6.6585,1,6.5227,17.203,12.25,6.845
4.0022,0.29041,0.25168,3.9947,0.29215,0.25107,-6.6452,1,6.5328,17.213,12.25,6.845
3.9989,0.28977,0.25017,3.9916,0.29153,0.24958,-6.6318,1,6.5428,17.223,12.25,6.845
3.9957,0.28914,0.24865,3.9885,0.29091,0.24808,-6.6185,1,6.5529,17.233,12.25,6.845
3.9924,0.28851,0.24713,3.9854,0.29029,0.24659,-6.6051,1,6.5629,17.243,12.25,6.845
3.9892,0.28787,0.24562,3.9822,0.28968,0.24509,-6.5918,1,6.5729,17.253,12.25,6.845
3.9859,0.28724,0.2441,3.9791,0.28906,0.24359,-6.5785,1,6.583,17.263,12.25,6.845
3.9827,0.2866,0.24258,3.976,0.28844,0.2421,-6.5651,1,6.593,17.273,12.25,6.845
3.9795,0.28597,0.24107,3.9729,0.28782,0.2406,-6.5518,1,6.603,17.283,12.25,6.845
3.9762,0.28533,0.23955,3.9697,0.28721,0.23911,-6.5384,1,6.6131,17.293,12.25,6.845
3.973,0.2847,0.23803,3.9666,0.28659,0.23761,-6.5251,1,6.6231,17.303,12.25,6.845
3.9698,0.28408,0.23652,3.9636,0.28599,0.23611,-6.512,1,6.6331,17.313,12.25,6.845
3.9668,0.28351,0.235,3.9607,0.28546,0.2346,-6.4994,1,6.6432,17.323,12.25,6.845
3.9638,0.28295,0.23349,3.9579,0.28492,0.23309,-6.4869,1,6.6532,17.333,12.25,6.845
3.9609,0.28238,0.23197,3.955,0.28439,0.23158,-6.4744,1,6.6632,17.343,12.25,6.845
3.9579,0.28181,0.23046,3.9522,0.28385,0.23007,-6.4619,1,6.6733,17.353,12.25,6.845
3.9549,0.28128,0.22903,3.9493,0.28331,0.22867,-6.4491,1,6.6833,17.363,12.25,6.845
3.9519,0.28077,0.22768,3.9465,0.28278,0.22733,-6.4362,1,6.6933,17.373,12.25,6.845
3.9488,0.28025,0.22632,3.9436,0.28224,0.226,-6.4232,1,6.7034,17.383,12.25,6.845
3.9458,0.27974,0.22496,3.9407,0.2817,0.22466,-6.4103,1,6.7134,17.393,12.25,6.845
3.9428,0.27923,0.2236,3.9378,0.28116,0.22333,-6.3974,1,6.7234,17.403,12.25,6.845
3.9398,0.27872,0.22224,3.935,0.28062,0.22199,-6.3845,1,6.7335,17.413,12.25,6.845
3.9367,0.27821,0.22088,3.9321,0.28008,0.22066,-6.3715,1,6.7435,17.424,12.25,6.845
3.9337,0.2777,0.21952,3.9292,0.27954,0.21932,-6.3586,1,6.7536,17.434,12.25,6.845
3.9307,0.27718,0.21816,3.9263,0.279,0.21799,-6.3457,1,6.7636,17.444,12.25,6.845
3.9276,0.27667,0.2168,3.9235,0.27846,0.21665,-6.3327,1,6.7736,17.454,12.25,6.845
3.9246,0.27616,0.21544,3.9206,0.27792,0.21532,-6.3198,1,6.7837,17.464,12.25,6.845
3.9217,0.27565,0.21407,3.9178,0.2774,0.21398,-6.3071,1,6.7937,17.474,12.25,6.845
3.9189,0.27514,0.21268,3.9151,0.27694,0.21262,-6.2947,1,6.8037,17.484,12.25,6.845
3.9162,0.27463,0.21129,3.9125,0.27647,0.21127,-6.2824,1,6.8138,17.494,12.25,6.845
3.9134,0.27412,0.20991,3.9098,0.27601,0.20992,-6.27,1,6.8238,17.504,12.25,6.845
3.9107,0.27362,0.20852,3.9072,0.27554,0.20857,-6.2577,1,6.8338,17.514,12.25,6.845
3.9079,0.27311,0.20721,3.9046,0.27507,0.2073,-6.2453,1,6.8439,17.524,12.25,6.845
3.905,0.27261,0.20596,3.9019,0.2746,0.2061,-6.2329,1,6.8539,17.534,12.25,6.845
3.9022,0.27212,0.20471,3.8993,0.27412,0.2049,-6.2206,1,6.8639,17.544,12.25,6.845
3.8993,0.27162,0.20346,3.8966,0.27365,0.2037,-6.2082,1,6.874,17.554,12.25,6.845
3.8965,0.27112,0.20221,3.894,0.27318,0.20251,-6.1958,1,6.884,17.564,12.25,6.845
3.8936,0.27062,0.20096,3.8913,0.2727,0.20131,-6.1834,1,6.894,17.574,12.25,6.845
3.8908,0.27012,0.19971,3.8887,0.27223,0.20011,-6.1711,1,6.9041,17.584,12.25,6.845
3.8879,0.26962,0.19846,3.8861,0.27176,0.19891,-6.1587,1,6.9141,17.594,12.25,6.845
3.8851,0.26912,0.19721,3.8834,0.27128,0.19771,-6.1463,1,6.9242,17.604,12.25,6.845
3.8822,0.26863,0.19597,3.8808,0.27081,0.19651,-6.134,1,6.9342,17.614,12.25,6.845
3.8794,0.26813,0.19472,3.8781,0.27034,0.19532,-6.1216,1,6.9442,17.624,12.25,6.845
3.8766,0.26764,0.19347,3.8755,0.26987,0.19411,-6.1093,1,6.9543,17.634,12.25,6.845
3.874,0.26719,0.19225,3.873,0.26946,0.1929,-6.0974,1,6.9643,17.644,12.25,6.845
3.8715,0.26675,0.19102,3.8706,0.26906,0.19168,-6.0855,1,6.9743,17.654,12.25,6.845
3.869,0.26631,0.18979,3.8681,0.26865,0.19046,-6.0737,1,6.9844,17.664,12.25,6.845
3.8665,0.26587,0.18857,3.8656,0.26825,0.18924,-6.0618,1,6.9944,17.674,12.25,6.845
3.8639,0.2654,0.1874,3.8631,0.26784,0.18807,-6.05,1,7.0044,17.684,12.25,6.845
3.8613,0.26489,0.18634,3.8607,0.26742,0.18698,-6.0383,1,7.0145,17.694,12.25,6.845
3.8587,0.26438,0.18529,3.8583,0.267,0.1859,-6.0266,1,7.0245,17.705,12.25,6.845
3.8561,0.26387,0.18423,3.8558,0.26658,0.18482,-6.0149,1,7.0345,17.715,12.25,6.845
3.8535,0.26335,0.18317,3.8534,0.26616,0.18374,-6.0032,1,7.0446,17.725,12.25,6.845
3.8509,0.26284,0.18212,3.8509,0.26575,0.18265,-5.9914,1,7.0546,17.735,12.25,6.845
3.8483,0.26233,0.18106,3.8485,0.26533,0.18157,-5.9797,1,7.0646,17.745,12.25,6.845
3.8457,0.26182,0.18,3.8461,0.26491,0.18049,-5.968,1,7.0747,17.755,12.25,6.845
3.8431,0.2613,0.17895,3.8436,0.26449,0.17941,-5.9563,1,7.0847,17.765,12.25,6.845
3.8405,0.26079,0.17789,3.8412,0.26407,0.17832,-5.9446,1,7.0947,17.775,12.25,6.845
3.8379,0.26028,0.17684,3.8388,0.26366,0.17724,-5.9329,1,7.1048,17.785,12.25,6.845
3.8353,0.25977,0.17578,3.8363,0.26324,0.17616,-5.9212,1,7.1148,17.795,12.25,6.845
3.833,0.25936,0.17474,3.834,0.26287,0.17506,-5.9098,1,7.1248,17.805,12.25,6.845
3.8307,0.25898,0.17371,3.8317,0.26251,0.17396,-5.8985,1,7.1349,17.815,12.25,6.845
3.8284,0.2586,0.17267,3.8293,0.26215,0.17286,-5.8872,1,7.1449,17.825,12.25,6.845
3.826,0.25822,0.17164,3.827,0.2618,0.17176,-5.8759,1,7.155,17.835,12.25,6.845
3.8237,0.25785,0.1706,3.8247,0.26144,0.17065,-5.8646,1,7.165,17.845,12.25,6.845
3.8215,0.25738,0.16971,3.8224,0.26107,0.16966,-5.8534,1,7.175,17.855,12.25,6.845
3.8192,0.2569,0.16884,3.8202,0.2607,0.16868,-5.8423,1,7.1851,17.865,12.25,6.845
3.8169,0.25641,0.16797,3.8179,0.26033,0.1677,-5.8311,1,7.1951,17.875,12.25,6.845
3.8146,0.25593,0.1671,3.8157,0.25996,0.16672,-5.82,1,7.2051,17.885,12.25,6.845
3.8123,0.25545,0.16622,3.8134,0.25959,0.16574,-5.8089,1,7.2152,17.895,12.25,6.845
3.81,0.25497,0.16535,3.8112,0.25922,0.16475,-5.7977,1,7.2252,17.905,12.25,6.845
3.8077,0.25449,0.16448,3.8089,0.25886,0.16377,-5.7866,1,7.2352,17.915,12.25,6.845
3.8054,0.254,0.16361,3.8067,0.25849,0.16279,-5.7754,1,7.2453,17.925,12.25,6.845
3.8031,0.25352,0.16274,3.8044,0.25812,0.16181,-5.7643,1,7.2553,17.935,12.25,6.845
3.8009,0.25304,0.16186,3.8022,0.25775,0.16083,-5.7532,1,7.2653,17.945,12.25,6.845
3.7986,0.25256,0.16099,3.7999,0.25738,0.15985,-5.742,1,7.2754,17.955,12.25,6.845
3.7963,0.2521,0.16011,3.7977,0.25702,0.15887,-5.7309,1,7.2854,17.965,12.25,6.845
3.7942,0.25178,0.15921,3.7955,0.2567,0.15787,-5.7201,1,7.2954,17.975,12.25,6.845
3.7921,0.25145,0.15831,3.7933,0.25639,0.15687,-5.7092,1,7.3055,17.985,12.25,6.845
3.79,0.25112,0.15741,3.7911,0.25608,0.15587,-5.6984,1,7.3155,17.996,12.25,6.845
3.7879,0.2508,0.15652,3.789,0.25576,0.15487,-5.6875,1,7.3256,18.006,12.25,6.845
3.7858,0.25046,0.15564,3.7868,0.25545,0.15389,-5.6767,1,7.3356,18.016,12.25,6.845
3.7837,0.25009,0.15484,3.7847,0.25512,0.153,-5.666,1,7.3456,18.026,12.25,6.845
3.7816,0.24971,0.15404,3.7826,0.25479,0.15211,-5.6554,1,7.3557,18.036,12.25,6.845
3.7796,0.24934,0.15324,3.7806,0.25447,0.15122,-5.6447,1,7.3657,18.046,12.25,6.845
3.7775,0.24897,0.15244,3.7785,0.25414,0.15033,-5.6341,1,7.3757,18.056,12.25,6.845
3.7754,0.2486,0.15164,3.7764,0.25381,0.14944,-5.6234,1,7.3858,18.066,12.25,6.845
3.7734,0.24822,0.15083,3.7743,0.25349,0.14854,-5.6128,1,7.3958,18.076,12.25,6.845
3.7713,0.24785,0.15003,3.7722,0.25316,0.14765,-5.6021,1,7.4058,18.086,12.25,6.845
3.7692,0.24748,0.14923,3.7701,0.25283,0.14676,-5.5915,1,7.4159,18.096,12.25,6.845
3.7672,0.2471,0.14843,3.7681,0.2525,0.14587,-5.5808,1,7.4259,18.106,12.25,6.845
3.7651,0.24673,0.14763,3.766,0.25218,0.14498,-5.5702,1,7.4359,18.116,12.25,6.845
3.763,0.24636,0.14683,3.7639,0.25185,0.14409,-5.5595,1,7.446,18.126,12.25,6.845
3.761,0.24602,0.14601,3.7618,0.25154,0.14319,-5.549,1,7.456,18.136,12.25,6.845
3.759,0.24573,0.14515,3.7598,0.25127,0.14228,-5.5384,1,7.466,18.146,12.25,6.845
3.7571,0.24545,0.1443,3.7577,0.25099,0.14137,-5.5279,1,7.4761,18.156,12.25,6.845
3.7551,0.24516,0.14344,3.7557,0.25071,0.14046,-5.5174,1,7.4861,18.166,12.25,6.845
3.7531,0.24488,0.14258,3.7536,0.25044,0.13954,-5.5069,1,7.4961,18.176,12.25,6.845
3.7512,0.24461,0.14175,3.7516,0.25015,0.13867,-5.4965,1,7.5062,18.186,12.25,6.845
3.7492,0.24435,0.14096,3.7497,0.24986,0.13785,-5.4864,1,7.5162,18.196,12.25,6.845
3.7473,0.2441,0.14016,3.7478,0.24957,0.13704,-5.4762,1,7.5262,18.206,12.25,6.845
3.7454,0.24385,0.13937,3.7459,0.24928,0.13622,-5.4661,1,7.5363,18.216,12.25,6.845
3.7435,0.24359,0.13857,3.7439,0.24899,0.13541,-5.4559,1,7.5463,18.226,12.25,6.845
3.7415,0.24334,0.13778,3.742,0.2487,0.13459,-5.4458,1,7.5564,18.236,12.25,6.845
3.7396,0.24309,0.13698,3.7401,0.24841,0.13378,-5.4356,1,7.5664,18.246,12.25,6.845
3.7377,0.24283,0.13619,3.7382,0.24811,0.13296,-5.4255,1,7.5764,18.256,12.25,6.845
3.7358,0.24258,0.13539,3.7362,0.24782,0.13215,-5.4154,1,7.5865,18.266,12.25,6.845
3.7339,0.24233,0.1346,3.7343,0.24753,0.13133,-5.4052,1,7.5965,18.276,12.25,6.845
3.7319,0.24207,0.13381,3.7324,0.24724,0.13052,-5.3951,1,7.6065,18.287,12.25,6.845
3.73,0.24182,0.13301,3.7305,0.24695,0.1297,-5.3849,1,7.6166,18.297,12.25,6.845
3.7281,0.24157,0.1322,3.7285,0.24668,0.12888,-5.3748,1,7.6266,18.307,12.25,6.845
3.7263,0.24133,0.13136,3.7266,0.24643,0.12805,-5.3647,1,7.6366,18.317,12.25,6.845
3.7244,0.24109,0.13053,3.7247,0.24618,0.12721,-5.3546,1,7.6467,18.327,12.25,6.845
3.7225,0.24084,0.12969,3.7228,0.24594,0.12638,-5.3445,1,7.6567,18.337,12.25,6.845
3.7207,0.2406,0.12885,3.7208,0.24569,0.12554,-5.3344,1,7.6667,18.347,12.25,6.845
3.7188,0.24037,0.12804,3.719,0.24544,0.12474,-5.3245,1,7.6768,18.357,12.25,6.845
3.717,0.24016,0.12727,3.7172,0.24518,0.12399,-5.3148,1,7.6868,18.367,12.25,6.845
3.7151,0.23995,0.1265,3.7154,0.24492,0.12324,-5.3052,1,7.6968,18.377,12.25,6.845
3.7133,0.23974,0.12573,3.7136,0.24466,0.12249,-5.2955,1,7.7069,18.387,12.25,6.845
3.7115,0.23953,0.12496,3.7118,0.24439,0.12174,-5.2858,1,7.7169,18.397,12.25,6.845
3.7097,0.23932,0.12419,3.71,0.24413,0.12098,-5.2762,1,7.7269,18.407,12.25,6.845
3.7078,0.23911,0.12342,3.7083,0.24387,0.12023,-5.2665,1,7.737,18.417,12.25,6.845
3.706,0.2389,0.12265,3.7065,0.24361,0.11948,-5.2569,1,7.747,18.427,12.25,6.845
3.7042,0.23869,0.12188,3.7047,0.24335,0.11873,-5.2472,1,7.7571,18.437,12.25,6.845
3.7023,0.23848,0.12111,3.7029,0.24308,0.11798,-5.2376,1,7.7671,18.447,12.25,6.845
3.7005,0.23827,0.12034,3.7011,0.24282,0.11723,-5.2279,1,7.7771,18.457,12.25,6.845
3.6987,0.23806,0.11957,3.6993,0.24256,0.11648,-5.2183,1,7.7872,18.467,12.25,6.845
3.6969,0.23785,0.1188,3.6976,0.24231,0.11573,-5.2086,1,7.7972,18.477,12.25,6.845
3.6951,0.23764,0.11802,3.6957,0.24209,0.11496,-5.1991,1,7.8072,18.487,12.25,6.845
3.6934,0.23744,0.11725,3.6939,0.24187,0.1142,-5.1895,1,7.8173,18.497,12.25,6.845
3.6916,0.23724,0.11647,3.6921,0.24165,0.11343,-5.18,1,7.8273,18.507,12.25,6.845
3.6898,0.23704,0.11569,3.6903,0.24143,0.11267,-5.1704,1,7.8373,18.517,12.25,6.845
3.6881,0.23684,0.11492,3.6885,0.24121,0.11191,-5.1609,1,7.8474,18.527,12.25,6.845
3.6864,0.23663,0.11423,3.6868,0.24097,0.11122,-5.1518,1,7.8574,18.537,12.25,6.845
3.6847,0.23643,0.11354,3.6852,0.24074,0.11053,-5.1427,1,7.8674,18.547,12.25,6.845
3.6829,0.23622,0.11285,3.6835,0.2405,0.10983,-5.1336,1,7.8775,18.557,12.25,6.845
3.6812,0.23602,0.11216,3.6819,0.24027,0.10914,-5.1245,1,7.8875,18.568,12.25,6.845
3.6795,0.23581,0.11146,3.6802,0.24003,0.10845,-5.1155,1,7.8975,18.578,12.25,6.845
3.6778,0.2356,0.11077,3.6786,0.23979,0.10776,-5.1064,1,7.9076,18.588,12.25,6.845
3.6761,0.2354,0.11008,3.6769,0.23956,0.10707,-5.0973,1,7.9176,18.598,12.25,6.845
3.6744,0.23519,0.10939,3.6753,0.23932,0.10638,-5.0882,1,7.9277,18.608,12.25,6.845
3.6727,0.23499,0.1087,3.6736,0.23909,0.10569,-5.0791,1,7.9377,18.618,12.25,6.845
3.6709,0.23478,0.108,3.672,0.23885,0.105,-5.07,1,7.9477,18.628,12.25,6.845
3.6692,0.23458,0.10731,3.6703,0.23862,0.10431,-5.061,1,7.9578,18.638,12.25,6.845
3.6675,0.23437,0.10662,3.6686,0.23838,0.10361,-5.0519,1,7.9678,18.648,12.25,6.845
3.6658,0.2342,0.10594,3.6669,0.23817,0.10292,-5.0429,1,7.9778,18.658,12.25,6.845
3.6642,0.23405,0.10525,3.6652,0.23798,0.10221,-5.0339,1,7.9879,18.668,12.25,6.845
3.6626,0.23389,0.10457,3.6635,0.23778,0.10151,-5.025,1,7.9979,18.678,12.25,6.845
3.6609,0.23374,0.10388,3.6618,0.23759,0.10081,-5.016,1,8.0079,18.688,12.25,6.845
3.6593,0.23358,0.1032,3.6601,0.23739,0.1001,-5.0071,1,8.018,18.698,12.25,6.845
3.6577,0.23342,0.10255,3.6585,0.23719,0.099438,-4.9984,1,8.028,18.708,12.25,6.845
3.6561,0.23324,0.10194,3.657,0.23698,0.098801,-4.99,1,8.038,18.718,12.25,6.845
3.6546,0.23307,0.10132,3.6554,0.23676,0.098163,-4.9815,1,8.0481,18.728,12.25,6.845
3.653,0.23289,0.10071,3.6539,0.23655,0.097526,-4.9731,1,8.0581,18.738,12.25,6.845
3.6514,0.23272,0.10009,3.6524,0.23634,0.096889,-4.9646,1,8.0681,18.748,12.25,6.845
3.6499,0.23254,0.09948,3.6508,0.23613,0.096252,-4.9562,1,8.0782,18.758,12.25,6.845
3.6483,0.23237,0.098866,3.6493,0.23591,0.095615,-4.9477,1,8.0882,18.768,12.25,6.845
3.6467,0.2322,0.098251,3.6478,0.2357,0.094978,-4.9393,1,8.0982,18.778,12.25,6.845
3.6452,0.23202,0.097637,3.6462,0.23549,0.09434,-4.9309,1,8.1083,18.788,12.25,6.845
3.6436,0.23185,0.097022,3.6447,0.23528,0.093703,-4.9224,1,8.1183,18.798,12.25,6.845
3.642,0.23167,0.096408,3.6432,0.23507,0.093066,-4.914,1,8.1283,18.808,12.25,6.845
3.6405,0.2315,0.095793,3.6417,0.23485,0.092429,-4.9055,1,8.1384,18.818,12.25,6.845
3.6389,0.23133,0.095179,3.6401,0.23465,0.091791,-4.8971,1,8.1484,18.828,12.25,6.845
3.6374,0.23122,0.094561,3.6385,0.23447,0.091143,-4.8887,1,8.1585,18.838,12.25,6.845
3.6359,0.23111,0.093943,3.6369,0.2343,0.090495,-4.8803,1,8.1685,18.848,12.25,6.845
3.6343,0.231,0.093326,3.6353,0.23412,0.089847,-4.8719,1,8.1785,18.859,12.25,6.845
3.6328,0.23089,0.092708,3.6337,0.23395,0.089199,-4.8635,1,8.1886,18.869,12.25,6.845
3.6313,0.23078,0.09209,3.632,0.23377,0.088551,-4.855,1,8.1986,18.879,12.25,6.845
3.6298,0.23065,0.091516,3.6306,0.23358,0.087951,-4.847,1,8.2086,18.889,12.25,6.845
3.6284,0.23052,0.09095,3.6292,0.23339,0.08736,-4.8391,1,8.2187,18.899,12.25,6.845
3.627,0.23039,0.090385,3.6278,0.2332,0.086769,-4.8312,1,8.2287,18.909,12.25,6.845
3.6255,0.23027,0.089819,3.6264,0.23301,0.086179,-4.8233,1,8.2387,18.919,12.25,6.845
3.6241,0.23014,0.089254,3.6249,0.23282,0.085588,-4.8154,1,8.2488,18.929,12.25,6.845
3.6227,0.23001,0.088689,3.6235,0.23262,0.084997,-4.8075,1,8.2588,18.939,12.25,6.845
3.6213,0.22988,0.088124,3.6221,0.23243,0.084407,-4.7996,1,8.2688,18.949,12.25,6.845
3.6198,0.22975,0.087558,3.6207,0.23224,0.083816,-4.7917,1,8.2789,18.959,12.25,6.845
3.6184,0.22963,0.086993,3.6193,0.23205,0.083225,-4.7837,1,8.2889,18.969,12.25,6.845
3.617,0.2295,0.086427,3.6179,0.23185,0.082635,-4.7758,1,8.2989,18.979,12.25,6.845
3.6155,0.22937,0.085862,3.6165,0.23166,0.082044,-4.7679,1,8.309,18.989,12.25,6.845
3.6141,0.22924,0.085297,3.615,0.23147,0.081453,-4.76,1,8.319,18.999,12.25,6.845
3.6127,0.22912,0.084725,3.6136,0.23129,0.080861,-4.7521,1,8.3291,19.009,12.25,6.845
3.6112,0.22903,0.084127,3.6121,0.23113,0.080261,-4.7441,1,8.3391,19.019,12.25,6.845
3.6097,0.22893,0.083528,3.6106,0.23097,0.079661,-4.7361,1,8.3491,19.029,12.25,6.845
3.6083,0.22884,0.08293,3.609,0.23082,0.079061,-4.7281,1,8.3592,19.039,12.25,6.845
3.6068,0.22875,0.082332,3.6075,0.23066,0.078462,-4.7201,1,8.3692,19.049,12.25,6.845
3.6053,0.22865,0.081734,3.606,0.23051,0.077862,-4.7121,1,8.3792,19.059,12.25,6.845
3.604,0.22854,0.081193,3.6047,0.23033,0.077306,-4.7045,1,8.3893,19.069,12.25,6.845
3.6027,0.22843,0.08066,3.6034,0.23016,0.076756,-4.6969,1,8.3993,19.079,12.25,6.845
3.6014,0.22832,0.080127,3.6021,0.22998,0.076205,-4.6894,1,8.4093,19.089,12.25,6.845
3.6001,0.2282,0.079594,3.6008,0.22981,0.075655,-4.6818,1,8.4194,19.099,12.25,6.845
3.5988,0.22809,0.079061,3.5995,0.22963,0.075105,-4.6743,1,8.4294,19.109,12.25,6.845
3.5975,0.22798,0.078528,3.5981,0.22945,0.074555,-4.6667,1,8.4394,19.119,12.25,6.845
3.5962,0.22787,0.077995,3.5968,0.22928,0.074005,-4.6592,1,8.4495,19.129,12.25,6.845
3.5949,0.22775,0.077462,3.5955,0.2291,0.073455,-4.6517,1,8.4595,19.14,12.25,6.845
3.5936,0.22764,0.076929,3.5942,0.22893,0.072905,-4.6441,1,8.4695,19.15,12.25,6.845
3.5923,0.22753,0.076396,3.5929,0.22875,0.072354,-4.6366,1,8.4796,19.16,12.25,6.845
3.591,0.22742,0.075864,3.5916,0.22857,0.071804,-4.629,1,8.4896,19.17,12.25,6.845
3.5897,0.2273,0.075331,3.5903,0.2284,0.071254,-4.6215,1,8.4996,19.18,12.25,6.845
3.5884,0.22719,0.074793,3.589,0.22823,0.070703,-4.6139,1,8.5097,19.19,12.25,6.845
3.5869,0.22708,0.074208,3.5876,0.22809,0.070146,-4.6063,1,8.5197,19.2,12.25,6.845
3.5855,0.22697,0.073623,3.5861,0.22795,0.069589,-4.5986,1,8.5297,19.21,12.25,6.845
3.584,0.22686,0.073038,3.5847,0.22781,0.069031,-4.591,1,8.5398,19.22,12.25,6.845
3.5826,0.22675,0.072453,3.5833,0.22767,0.068474,-4.5833,1,8.5498,19.23,12.25,6.845
3.5812,0.22664,0.071868,3.5818,0.22753,0.067917,-4.5757,1,8.5599,19.24,12.25,6.845
3.5799,0.22651,0.071321,3.5806,0.22737,0.067391,-4.5683,1,8.5699,19.25,12.25,6.845
3.5787,0.22638,0.070788,3.5794,0.22721,0.066878,-4.561,1,8.5799,19.26,12.25,6.845
3.5775,0.22624,0.070255,3.5782,0.22705,0.066365,-4.5537,1,8.59,19.27,12.25,6.845
3.5763,0.22611,0.069722,3.577,0.22689,0.065851,-4.5464,1,8.6,19.28,12.25,6.845
3.5752,0.22597,0.06919,3.5758,0.22673,0.065338,-4.5391,1,8.61,19.29,12.25,6.845
3.574,0.22584,0.068657,3.5746,0.22657,0.064825,-4.5318,1,8.6201,19.3,12.25,6.845
3.5728,0.22571,0.068124,3.5734,0.22641,0.064312,-4.5246,1,8.6301,19.31,12.25,6.845
3.5716,0.22557,0.067591,3.5722,0.22624,0.063798,-4.5173,1,8.6401,19.32,12.25,6.845
3.5704,0.22544,0.067059,3.571,0.22608,0.063285,-4.51,1,8.6502,19.33,12.25,6.845
3.5692,0.2253,0.066526,3.5698,0.22592,0.062772,-4.5027,1,8.6602,19.34,12.25,6.845
3.568,0.22517,0.065993,3.5686,0.22576,0.062259,-4.4954,1,8.6702,19.35,12.25,6.845
3.5668,0.22503,0.06546,3.5674,0.2256,0.061745,-4.4881,1,8.6803,19.36,12.25,6.845
3.5656,0.2249,0.064928,3.5662,0.22544,0.061232,-4.4808,1,8.6903,19.37,12.25,6.845
3.5643,0.22476,0.064369,3.5649,0.2253,0.060715,-4.4735,1,8.7003,19.38,12.25,6.845
3.5629,0.22461,0.063803,3.5636,0.22518,0.060196,-4.4662,1,8.7104,19.39,12.25,6.845
3.5615,0.22447,0.063236,3.5622,0.22505,0.059677,-4.4589,1,8.7204,19.4,12.25,6.845
3.5601,0.22433,0.06267,3.5609,0.22493,0.059158,-4.4515,1,8.7304,19.41,12.25,6.845
3.5587,0.22419,0.062103,3.5595,0.2248,0.058639,-4.4442,1,8.7405,19.42,12.25,6.845
3.5574,0.22404,0.061539,3.5583,0.22467,0.058133,-4.4369,1,8.7505,19.431,12.25,6.845
3.5563,0.22388,0.060978,3.5572,0.22452,0.057654,-4.4299,1,8.7606,19.441,12.25,6.845
3.5552,0.22371,0.060417,3.5561,0.22437,0.057176,-4.4228,1,8.7706,19.451,12.25,6.845
3.5541,0.22355,0.059856,3.555,0.22423,0.056697,-4.4157,1,8.7806,19.461,12.25,6.845
3.5529,0.22339,0.059295,3.5539,0.22408,0.056218,-4.4087,1,8.7907,19.471,12.25,6.845
3.5518,0.22323,0.058734,3.5528,0.22393,0.05574,-4.4016,1,8.8007,19.481,12.25,6.845
3.5507,0.22307,0.058173,3.5517,0.22378,0.055261,-4.3946,1,8.8107,19.491,12.25,6.845
3.5496,0.22291,0.057612,3.5506,0.22363,0.054782,-4.3875,1,8.8208,19.501,12.25,6.845
3.5484,0.22275,0.057051,3.5496,0.22348,0.054304,-4.3804,1,8.8308,19.511,12.25,6.845
3.5473,0.22258,0.05649,3.5485,0.22334,0.053825,-4.3734,1,8.8408,19.521,12.25,6.845
3.5462,0.22242,0.055929,3.5474,0.22319,0.053346,-4.3663,1,8.8509,19.531,12.25,6.845
3.5451,0.22226,0.055369,3.5463,0.22304,0.052868,-4.3592,1,8.8609,19.541,12.25,6.845
3.5439,0.2221,0.054808,3.5452,0.22289,0.052389,-4.3522,1,8.8709,19.551,12.25,6.845
3.5428,0.22194,0.054247,3.5441,0.22275,0.05191,-4.3451,1,8.881,19.561,12.25,6.845
3.5415,0.22177,0.053688,3.5428,0.22264,0.051426,-4.338,1,8.891,19.571,12.25,6.845
3.5401,0.2216,0.05313,3.5415,0.22253,0.050943,-4.331,1,8.901,19.581,12.25,6.845
3.5388,0.22143,0.052571,3.5403,0.22241,0.05046,-4.3239,1,8.9111,19.591,12.25,6.845
3.5375,0.22126,0.052012,3.539,0.2223,0.049977,-4.3169,1,8.9211,19.601,12.25,6.845
3.5362,0.22109,0.051454,3.5377,0.22219,0.049494,-4.3098,1,8.9312,19.611,12.25,6.845
3.535,0.22092,0.050895,3.5367,0.22206,0.049036,-4.303,1,8.9412,19.621,12.25,6.845
3.534,0.22076,0.050337,3.5357,0.22192,0.048589,-4.2962,1,8.9512,19.631,12.25,6.845
3.5329,0.2206,0.049778,3.5347,0.22178,0.048142,-4.2894,1,8.9613,19.641,12.25,6.845
3.5318,0.22044,0.04922,3.5337,0.22165,0.047695,-4.2826,1,8.9713,19.651,12.25,6.845
3.5307,0.22028,0.048661,3.5327,0.22151,0.047249,-4.2758,1,8.9813,19.661,12.25,6.845
3.5296,0.22012,0.048103,3.5317,0.22137,0.046802,-4.269,1,8.9914,19.671,12.25,6.845
3.5285,0.21996,0.047544,3.5308,0.22124,0.046355,-4.2623,1,9.0014,19.681,12.25,6.845
3.5274,0.2198,0.046986,3.5298,0.2211,0.045909,-4.2555,1,9.0114,19.691,12.25,6.845
3.5264,0.21964,0.046427,3.5288,0.22096,0.045462,-4.2487,1,9.0215,19.701,12.25,6.845
3.5253,0.21948,0.045869,3.5278,0.22083,0.045015,-4.2419,1,9.0315,19.712,12.25,6.845
3.5242,0.21932,0.04531,3.5268,0.22069,0.044569,-4.2351,1,9.0415,19.722,12.25,6.845
3.5231,0.21916,0.044752,3.5259,0.22055,0.044122,-4.2283,1,9.0516,19.732,12.25,6.845
3.522,0.21899,0.044193,3.5249,0.22042,0.043675,-4.2215,1,9.0616,19.742,12.25,6.845
3.5209,0.21883,0.04364,3.5238,0.22029,0.043227,-4.2148,1,9.0716,19.752,12.25,6.845
3.5196,0.21867,0.043093,3.5226,0.22019,0.042777,-4.208,1,9.0817,19.762,12.25,6.845
3.5184,0.2185,0.042547,3.5214,0.22009,0.042327,-4.2013,1,9.0917,19.772,12.25,6.845
3.5171,0.21834,0.042,3.5202,0.21999,0.041877,-4.1945,1,9.1017,19.782,12.25,6.845
3.5159,0.21817,0.041454,3.519,0.21989,0.041427,-4.1877,1,9.1118,19.792,12.25,6.845
3.5146,0.21801,0.040908,3.5179,0.21979,0.040977,-4.181,1,9.1218,19.802,12.25,6.845
3.5136,0.21787,0.040399,3.5169,0.21967,0.040554,-4.1745,1,9.1318,19.812,12.25,6.845
3.5126,0.21773,0.039899,3.5161,0.21954,0.040136,-4.1681,1,9.1419,19.822,12.25,6.845
3.5116,0.21759,0.039398,3.5152,0.21941,0.039718,-4.1616,1,9.1519,19.832,12.25,6.845
3.5106,0.21746,0.038898,3.5143,0.21929,0.0393,-4.1552,1,9.162,19.842,12.25,6.845
3.5096,0.21732,0.038398,3.5134,0.21916,0.038881,-4.1488,1,9.172,19.852,12.25,6.845
3.5086,0.21718,0.037897,3.5126,0.21903,0.038463,-4.1423,1,9.182,19.862,12.25,6.845
3.5076,0.21705,0.037397,3.5117,0.2189,0.038045,-4.1359,1,9.1921,19.872,12.25,6.845
3.5066,0.21691,0.036897,3.5108,0.21878,0.037627,-4.1295,1,9.2021,19.882,12.25,6.845
3.5056,0.21677,0.036396,3.51,0.21865,0.037209,-4.123,1,9.2121,19.892,12.25,6.845
3.5046,0.21663,0.035896,3.5091,0.21852,0.036791,-4.1166,1,9.2222,19.902,12.25,6.845
3.5036,0.2165,0.035396,3.5082,0.21839,0.036373,-4.1102,1,9.2322,19.912,12.25,6.845
3.5026,0.21636,0.034895,3.5073,0.21827,0.035955,-4.1037,1,9.2422,19.922,12.25,6.845
3.5016,0.21622,0.034395,3.5065,0.21814,0.035537,-4.0973,1,9.2523,19.932,12.25,6.845
3.5005,0.21609,0.033894,3.5055,0.21802,0.035118,-4.0909,1,9.2623,19.942,12.25,6.845
3.4993,0.21598,0.033392,3.5044,0.21793,0.034698,-4.0845,1,9.2723,19.952,12.25,6.845
3.4981,0.21586,0.03289,3.5033,0.21784,0.034278,-4.0781,1,9.2824,19.962,12.25,6.845
3.497,0.21574,0.032388,3.5022,0.21775,0.033858,-4.0717,1,9.2924,19.972,12.25,6.845
3.4958,0.21562,0.031886,3.5011,0.21766,0.033438,-4.0653,1,9.3024,19.982,12.25,6.845
3.4946,0.2155,0.031384,3.5,0.21757,0.033018,-4.0589,1,9.3125,19.992,12.25,6.845
3.4937,0.21539,0.030934,3.4991,0.21746,0.032618,-4.0527,1,9.3225,20.003,12.25,6.845
3.4928,0.21528,0.030505,3.4984,0.21734,0.032224,-4.0466,1,9.3326,20.013,12.25,6.845
3.492,0.21517,0.030076,3.4976,0.21722,0.031831,-4.0405,1,9.3426,20.023,12.25,6.845
3.4911,0.21506,0.029647,3.4969,0.2171,0.031438,-4.0344,1,9.3526,20.033,12.25,6.845
3.4903,0.21495,0.029218,3.4961,0.21698,0.031044,-4.0282,1,9.3627,20.043,12.25,6.845
3.4894,0.21484,0.028789,3.4953,0.21686,0.030651,-4.0221,1,9.3727,20.053,12.25,6.845
3.4886,0.21473,0.02836,3.4946,0.21674,0.030258,-4.016,1,9.3827,20.063,12.25,6.845
3.4877,0.21462,0.027931,3.4938,0.21662,0.029864,-4.0099,1,9.3928,20.073,12.25,6.845
3.4869,0.21451,0.027502,3.4931,0.2165,0.029471,-4.0038,1,9.4028,20.083,12.25,6.845
3.486,0.2144,0.027073,3.4923,0.21638,0.029078,-3.9977,1,9.4128,20.093,12.25,6.845
3.4852,0.21429,0.026644,3.4916,0.21625,0.028684,-3.9916,1,9.4229,20.103,12.25,6.845
3.4843,0.21418,0.026215,3.4908,0.21613,0.028291,-3.9855,1,9.4329,20.113,12.25,6.845
3.4835,0.21408,0.025786,3.49,0.21601,0.027898,-3.9794,1,9.4429,20.123,12.25,6.845
3.4826,0.21397,0.025356,3.4893,0.2159,0.027504,-3.9733,1,9.453,20.133,12.25,6.845
3.4815,0.21391,0.024919,3.4882,0.21581,0.027111,-3.9672,1,9.463,20.143,12.25,6.845
3.4805,0.21385,0.024482,3.4872,0.21573,0.026717,-3.9611,1,9.473,20.153,12.25,6.845
3.4794,0.21379,0.024045,3.4862,0.21565,0.026324,-3.9551,1,9.4831,20.163,12.25,6.845
3.4783,0.21374,0.023608,3.4852,0.21557,0.02593,-3.949,1,9.4931,20.173,12.25,6.845
3.4773,0.21368,0.023171,3.4842,0.21549,0.025536,-3.9429,1,9.5031,20.183,12.25,6.845
3.4764,0.21361,0.022758,3.4833,0.21539,0.025151,-3.937,1,9.5132,20.193,12.25,6.845
3.4757,0.21354,0.022385,3.4827,0.21528,0.024779,-3.9311,1,9.5232,20.203,12.25,6.845
3.475,0.21346,0.022012,3.482,0.21516,0.024407,-3.9253,1,9.5332,20.213,12.25,6.845
3.4743,0.21339,0.021639,3.4814,0.21505,0.024035,-3.9194,1,9.5433,20.223,12.25,6.845
3.4736,0.21331,0.021266,3.4807,0.21493,0.023664,-3.9136,1,9.5533,20.233,12.25,6.845
3.473,0.21324,0.020893,3.4801,0.21482,0.023292,-3.9078,1,9.5634,20.243,12.25,6.845
3.4723,0.21316,0.02052,3.4795,0.2147,0.02292,-3.9019,1,9.5734,20.253,12.25,6.845
3.4716,0.21309,0.020147,3.4788,0.21458,0.022548,-3.8961,1,9.5834,20.263,12.25,6.845
3.4709,0.21302,0.019774,3.4782,0.21447,0.022176,-3.8902,1,9.5935,20.273,12.25,6.845
3.4702,0.21294,0.019401,3.4775,0.21435,0.021804,-3.8844,1,9.6035,20.283,12.25,6.845
3.4695,0.21287,0.019028,3.4769,0.21424,0.021432,-3.8786,1,9.6135,20.294,12.25,6.845
3.4689,0.21279,0.018655,3.4763,0.21412,0.021061,-3.8727,1,9.6236,20.304,12.25,6.845
3.4682,0.21272,0.018282,3.4756,0.21401,0.020689,-3.8669,1,9.6336,20.314,12.25,6.845
3.4675,0.21264,0.017909,3.475,0.21389,0.020317,-3.861,1,9.6436,20.324,12.25,6.845
3.4667,0.21261,0.017531,3.4742,0.2138,0.019946,-3.8552,1,9.6537,20.334,12.25,6.845
3.4657,0.2126,0.017149,3.4733,0.21373,0.019576,-3.8494,1,9.6637,20.344,12.25,6.845
3.4648,0.21259,0.016766,3.4723,0.21365,0.019206,-3.8436,1,9.6737,20.354,12.25,6.845
3.4639,0.21258,0.016384,3.4714,0.21357,0.018836,-3.8378,1,9.6838,20.364,12.25,6.845
3.463,0.21257,0.016002,3.4705,0.2135,0.018466,-3.832,1,9.6938,20.374,12.25,6.845
3.462,0.21256,0.01562,3.4695,0.21342,0.018096,-3.8262,1,9.7038,20.384,12.25,6.845
3.4614,0.21253,0.015289,3.4689,0.21332,0.017739,-3.8206,1,9.7139,20.394,12.25,6.845
3.4609,0.21251,0.014972,3.4684,0.21321,0.017386,-3.815,1,9.7239,20.404,12.25,6.845
3.4604,0.21248,0.014655,3.4679,0.2131,0.017033,-3.8095,1,9.7339,20.414,12.25,6.845
3.4599,0.21245,0.014338,3.4674,0.21298,0.01668,-3.804,1,9.744,20.424,12.25,6.845
3.4594,0.21243,0.014021,3.4669,0.21287,0.016327,-3.7984,1,9.754,20.434,12.25,6.845
3.4589,0.2124,0.013704,3.4664,0.21276,0.015974,-3.7929,1,9.7641,20.444,12.25,6.845
3.4584,0.21237,0.013388,3.4658,0.21265,0.01562,-3.7873,1,9.7741,20.454,12.25,6.845
3.4579,0.21234,0.013071,3.4653,0.21254,0.015267,-3.7818,1,9.7841,20.464,12.25,6.845
3.4574,0.21232,0.012754,3.4648,0.21243,0.014914,-3.7762,1,9.7942,20.474,12.25,6.845
3.4569,0.21229,0.012437,3.4643,0.21232,0.014561,-3.7707,1,9.8042,20.484,12.25,6.845
3.4564,0.21226,0.01212,3.4638,0.21221,0.014208,-3.7651,1,9.8142,20.494,12.25,6.845
3.4559,0.21224,0.011803,3.4632,0.2121,0.013855,-3.7596,1,9.8243,20.504,12.25,6.845
3.4554,0.21221,0.011486,3.4627,0.21198,0.013502,-3.754,1,9.8343,20.514,12.25,6.845
3.4549,0.21218,0.011169,3.4622,0.21187,0.013149,-3.7485,1,9.8443,20.524,12.25,6.845
3.4541,0.2122,0.010834,3.4614,0.2118,0.012799,-3.743,1,9.8544,20.534,12.25,6.845
3.4533,0.21223,0.010495,3.4606,0.21172,0.012451,-3.7374,1,9.8644,20.544,12.25,6.845
3.4525,0.21226,0.010156,3.4598,0.21165,0.012102,-3.7319,1,9.8744,20.554,12.25,6.845
3.4517,0.21229,0.0098173,3.4589,0.21158,0.011753,-3.7263,1,9.8845,20.564,12.25,6.845
3.4509,0.21232,0.0094783,3.4581,0.21151,0.011405,-3.7208,1,9.8945,20.575,12.25,6.845
3.45,0.21235,0.0091394,3.4573,0.21144,0.011056,-3.7153,1,9.9045,20.585,12.25,6.845
3.4497,0.21236,0.0088716,3.4568,0.21133,0.010719,-3.71,1,9.9146,20.595,12.25,6.845
3.4494,0.21237,0.0086068,3.4564,0.21122,0.010383,-3.7048,1,9.9246,20.605,12.25,6.845
3.4491,0.21238,0.0083419,3.4561,0.21112,0.010047,-3.6996,1,9.9347,20.615,12.25,6.845
3.4488,0.21239,0.0080771,3.4557,0.21101,0.0097103,-3.6944,1,9.9447,20.625,12.25,6.845
3.4485,0.2124,0.0078123,3.4553,0.2109,0.009374,-3.6892,1,9.9547,20.635,12.25,6.845
3.4481,0.21241,0.0075475,3.4549,0.21079,0.0090378,-3.684,1,9.9648,20.645,12.25,6.845
3.4478,0.21241,0.0072827,3.4545,0.21068,0.0087015,-3.6788,1,9.9748,20.655,12.25,6.845
3.4475,0.21242,0.0070179,3.4541,0.21058,0.0083652,-3.6735,1,9.9848,20.665,12.25,6.845
3.4472,0.21243,0.0067531,3.4537,0.21047,0.008029,-3.6683,1,9.9949,20.675,12.25,6.845
3.4469,0.21244,0.0064883,3.4533,0.21036,0.0076928,-3.6631,1,10.005,20.685,12.25,6.845
3.4466,0.21245,0.0062235,3.4529,0.21025,0.0073565,-3.6579,1,10.015,20.695,12.25,6.845
3.4463,0.21246,0.0059587,3.4525,0.21015,0.0070202,-3.6527,1,10.025,20.705,12.25,6.845
3.446,0.21247,0.0056939,3.4521,0.21004,0.006684,-3.6475,1,10.035,20.715,12.25,6.845
